product,date,sales
⛄  Анфер,Oct 01, 2018,0
🍀  Шишке,Oct 01, 2018,0
🚬  Специи,Oct 01, 2018,0
🚑  Альфач,Oct 01, 2018,0
🚑  ЗеленыйЭльф,Oct 01, 2018,0
🚑  СинийЭльф,Oct 01, 2018,0
🚑  Метс-рац,Oct 01, 2018,0
💊  Кола,Oct 01, 2018,0
💊  Ferrari,Oct 01, 2018,0
⛄  АнфРозовый,Oct 01, 2018,0
🚬  ШишБигДевил,Oct 01, 2018,0
🚑  СКСиниеКрис,Oct 01, 2018,0
🚑  АльфачЖелтый,Oct 01, 2018,0
🚑  АльфачФиолетовый,Oct 01, 2018,0
💊  xVersace,Oct 01, 2018,0
🚬  БитоеШиш,Oct 01, 2018,0
🚑  СКЖелтыйКрис,Oct 01, 2018,0
🚑  АльфачБелый,Oct 01, 2018,0
🚬  Сканк24Т,Oct 01, 2018,0
🚑  СККрасныйКрис,Oct 01, 2018,0
🚬  БитыеШишПлан,Oct 01, 2018,0
⛄  Анфер,Oct 02, 2018,0
🍀  Шишке,Oct 02, 2018,0
🚬  Специи,Oct 02, 2018,0
🚑  Альфач,Oct 02, 2018,0
🚑  ЗеленыйЭльф,Oct 02, 2018,0
🚑  СинийЭльф,Oct 02, 2018,0
🚑  Метс-рац,Oct 02, 2018,0
💊  Кола,Oct 02, 2018,0
💊  Ferrari,Oct 02, 2018,0
⛄  АнфРозовый,Oct 02, 2018,0
🚬  ШишБигДевил,Oct 02, 2018,0
🚑  СКСиниеКрис,Oct 02, 2018,0
🚑  АльфачЖелтый,Oct 02, 2018,0
🚑  АльфачФиолетовый,Oct 02, 2018,0
💊  xVersace,Oct 02, 2018,0
🚬  БитоеШиш,Oct 02, 2018,0
🚑  СКЖелтыйКрис,Oct 02, 2018,0
🚑  АльфачБелый,Oct 02, 2018,0
🚬  Сканк24Т,Oct 02, 2018,0
🚑  СККрасныйКрис,Oct 02, 2018,0
🚬  БитыеШишПлан,Oct 02, 2018,0
⛄  Анфер,Oct 03, 2018,0
🍀  Шишке,Oct 03, 2018,0
🚬  Специи,Oct 03, 2018,0
🚑  Альфач,Oct 03, 2018,0
🚑  ЗеленыйЭльф,Oct 03, 2018,0
🚑  СинийЭльф,Oct 03, 2018,0
🚑  Метс-рац,Oct 03, 2018,0
💊  Кола,Oct 03, 2018,0
💊  Ferrari,Oct 03, 2018,0
⛄  АнфРозовый,Oct 03, 2018,0
🚬  ШишБигДевил,Oct 03, 2018,0
🚑  СКСиниеКрис,Oct 03, 2018,0
🚑  АльфачЖелтый,Oct 03, 2018,0
🚑  АльфачФиолетовый,Oct 03, 2018,0
💊  xVersace,Oct 03, 2018,0
🚬  БитоеШиш,Oct 03, 2018,0
🚑  СКЖелтыйКрис,Oct 03, 2018,0
🚑  АльфачБелый,Oct 03, 2018,0
🚬  Сканк24Т,Oct 03, 2018,0
🚑  СККрасныйКрис,Oct 03, 2018,0
🚬  БитыеШишПлан,Oct 03, 2018,0
⛄  Анфер,Oct 04, 2018,0
🍀  Шишке,Oct 04, 2018,0
🚬  Специи,Oct 04, 2018,0
🚑  Альфач,Oct 04, 2018,0
🚑  ЗеленыйЭльф,Oct 04, 2018,0
🚑  СинийЭльф,Oct 04, 2018,0
🚑  Метс-рац,Oct 04, 2018,0
💊  Кола,Oct 04, 2018,0
💊  Ferrari,Oct 04, 2018,0
⛄  АнфРозовый,Oct 04, 2018,0
🚬  ШишБигДевил,Oct 04, 2018,0
🚑  СКСиниеКрис,Oct 04, 2018,0
🚑  АльфачЖелтый,Oct 04, 2018,0
🚑  АльфачФиолетовый,Oct 04, 2018,0
💊  xVersace,Oct 04, 2018,0
🚬  БитоеШиш,Oct 04, 2018,0
🚑  СКЖелтыйКрис,Oct 04, 2018,0
🚑  АльфачБелый,Oct 04, 2018,0
🚬  Сканк24Т,Oct 04, 2018,0
🚑  СККрасныйКрис,Oct 04, 2018,0
🚬  БитыеШишПлан,Oct 04, 2018,0
⛄  Анфер,Oct 05, 2018,0
🍀  Шишке,Oct 05, 2018,0
🚬  Специи,Oct 05, 2018,0
🚑  Альфач,Oct 05, 2018,0
🚑  ЗеленыйЭльф,Oct 05, 2018,0
🚑  СинийЭльф,Oct 05, 2018,0
🚑  Метс-рац,Oct 05, 2018,0
💊  Кола,Oct 05, 2018,0
💊  Ferrari,Oct 05, 2018,0
⛄  АнфРозовый,Oct 05, 2018,0
🚬  ШишБигДевил,Oct 05, 2018,0
🚑  СКСиниеКрис,Oct 05, 2018,0
🚑  АльфачЖелтый,Oct 05, 2018,0
🚑  АльфачФиолетовый,Oct 05, 2018,0
💊  xVersace,Oct 05, 2018,0
🚬  БитоеШиш,Oct 05, 2018,0
🚑  СКЖелтыйКрис,Oct 05, 2018,0
🚑  АльфачБелый,Oct 05, 2018,0
🚬  Сканк24Т,Oct 05, 2018,0
🚑  СККрасныйКрис,Oct 05, 2018,0
🚬  БитыеШишПлан,Oct 05, 2018,0
⛄  Анфер,Oct 06, 2018,0
🍀  Шишке,Oct 06, 2018,0
🚬  Специи,Oct 06, 2018,0
🚑  Альфач,Oct 06, 2018,0
🚑  ЗеленыйЭльф,Oct 06, 2018,0
🚑  СинийЭльф,Oct 06, 2018,0
🚑  Метс-рац,Oct 06, 2018,0
💊  Кола,Oct 06, 2018,0
💊  Ferrari,Oct 06, 2018,0
⛄  АнфРозовый,Oct 06, 2018,0
🚬  ШишБигДевил,Oct 06, 2018,0
🚑  СКСиниеКрис,Oct 06, 2018,0
🚑  АльфачЖелтый,Oct 06, 2018,0
🚑  АльфачФиолетовый,Oct 06, 2018,0
💊  xVersace,Oct 06, 2018,0
🚬  БитоеШиш,Oct 06, 2018,0
🚑  СКЖелтыйКрис,Oct 06, 2018,0
🚑  АльфачБелый,Oct 06, 2018,0
🚬  Сканк24Т,Oct 06, 2018,0
🚑  СККрасныйКрис,Oct 06, 2018,0
🚬  БитыеШишПлан,Oct 06, 2018,0
⛄  Анфер,Oct 07, 2018,0
🍀  Шишке,Oct 07, 2018,0
🚬  Специи,Oct 07, 2018,0
🚑  Альфач,Oct 07, 2018,0
🚑  ЗеленыйЭльф,Oct 07, 2018,0
🚑  СинийЭльф,Oct 07, 2018,0
🚑  Метс-рац,Oct 07, 2018,0
💊  Кола,Oct 07, 2018,0
💊  Ferrari,Oct 07, 2018,0
⛄  АнфРозовый,Oct 07, 2018,0
🚬  ШишБигДевил,Oct 07, 2018,0
🚑  СКСиниеКрис,Oct 07, 2018,0
🚑  АльфачЖелтый,Oct 07, 2018,0
🚑  АльфачФиолетовый,Oct 07, 2018,0
💊  xVersace,Oct 07, 2018,0
🚬  БитоеШиш,Oct 07, 2018,0
🚑  СКЖелтыйКрис,Oct 07, 2018,0
🚑  АльфачБелый,Oct 07, 2018,0
🚬  Сканк24Т,Oct 07, 2018,0
🚑  СККрасныйКрис,Oct 07, 2018,0
🚬  БитыеШишПлан,Oct 07, 2018,0
⛄  Анфер,Oct 08, 2018,0
🍀  Шишке,Oct 08, 2018,0
🚬  Специи,Oct 08, 2018,0
🚑  Альфач,Oct 08, 2018,0
🚑  ЗеленыйЭльф,Oct 08, 2018,0
🚑  СинийЭльф,Oct 08, 2018,0
🚑  Метс-рац,Oct 08, 2018,0
💊  Кола,Oct 08, 2018,0
💊  Ferrari,Oct 08, 2018,0
⛄  АнфРозовый,Oct 08, 2018,0
🚬  ШишБигДевил,Oct 08, 2018,0
🚑  СКСиниеКрис,Oct 08, 2018,0
🚑  АльфачЖелтый,Oct 08, 2018,0
🚑  АльфачФиолетовый,Oct 08, 2018,0
💊  xVersace,Oct 08, 2018,0
🚬  БитоеШиш,Oct 08, 2018,0
🚑  СКЖелтыйКрис,Oct 08, 2018,0
🚑  АльфачБелый,Oct 08, 2018,0
🚬  Сканк24Т,Oct 08, 2018,0
🚑  СККрасныйКрис,Oct 08, 2018,0
🚬  БитыеШишПлан,Oct 08, 2018,0
⛄  Анфер,Oct 09, 2018,0
🍀  Шишке,Oct 09, 2018,0
🚬  Специи,Oct 09, 2018,0
🚑  Альфач,Oct 09, 2018,0
🚑  ЗеленыйЭльф,Oct 09, 2018,0
🚑  СинийЭльф,Oct 09, 2018,0
🚑  Метс-рац,Oct 09, 2018,0
💊  Кола,Oct 09, 2018,0
💊  Ferrari,Oct 09, 2018,0
⛄  АнфРозовый,Oct 09, 2018,0
🚬  ШишБигДевил,Oct 09, 2018,0
🚑  СКСиниеКрис,Oct 09, 2018,0
🚑  АльфачЖелтый,Oct 09, 2018,0
🚑  АльфачФиолетовый,Oct 09, 2018,0
💊  xVersace,Oct 09, 2018,0
🚬  БитоеШиш,Oct 09, 2018,0
🚑  СКЖелтыйКрис,Oct 09, 2018,0
🚑  АльфачБелый,Oct 09, 2018,0
🚬  Сканк24Т,Oct 09, 2018,0
🚑  СККрасныйКрис,Oct 09, 2018,0
🚬  БитыеШишПлан,Oct 09, 2018,0
⛄  Анфер,Oct 10, 2018,0
🍀  Шишке,Oct 10, 2018,0
🚬  Специи,Oct 10, 2018,0
🚑  Альфач,Oct 10, 2018,0
🚑  ЗеленыйЭльф,Oct 10, 2018,0
🚑  СинийЭльф,Oct 10, 2018,0
🚑  Метс-рац,Oct 10, 2018,0
💊  Кола,Oct 10, 2018,0
💊  Ferrari,Oct 10, 2018,0
⛄  АнфРозовый,Oct 10, 2018,0
🚬  ШишБигДевил,Oct 10, 2018,0
🚑  СКСиниеКрис,Oct 10, 2018,0
🚑  АльфачЖелтый,Oct 10, 2018,0
🚑  АльфачФиолетовый,Oct 10, 2018,0
💊  xVersace,Oct 10, 2018,0
🚬  БитоеШиш,Oct 10, 2018,0
🚑  СКЖелтыйКрис,Oct 10, 2018,0
🚑  АльфачБелый,Oct 10, 2018,0
🚬  Сканк24Т,Oct 10, 2018,0
🚑  СККрасныйКрис,Oct 10, 2018,0
🚬  БитыеШишПлан,Oct 10, 2018,0
⛄  Анфер,Oct 11, 2018,0
🍀  Шишке,Oct 11, 2018,0
🚬  Специи,Oct 11, 2018,0
🚑  Альфач,Oct 11, 2018,0
🚑  ЗеленыйЭльф,Oct 11, 2018,0
🚑  СинийЭльф,Oct 11, 2018,0
🚑  Метс-рац,Oct 11, 2018,0
💊  Кола,Oct 11, 2018,0
💊  Ferrari,Oct 11, 2018,0
⛄  АнфРозовый,Oct 11, 2018,0
🚬  ШишБигДевил,Oct 11, 2018,0
🚑  СКСиниеКрис,Oct 11, 2018,0
🚑  АльфачЖелтый,Oct 11, 2018,0
🚑  АльфачФиолетовый,Oct 11, 2018,0
💊  xVersace,Oct 11, 2018,0
🚬  БитоеШиш,Oct 11, 2018,0
🚑  СКЖелтыйКрис,Oct 11, 2018,0
🚑  АльфачБелый,Oct 11, 2018,0
🚬  Сканк24Т,Oct 11, 2018,0
🚑  СККрасныйКрис,Oct 11, 2018,0
🚬  БитыеШишПлан,Oct 11, 2018,0
⛄  Анфер,Oct 12, 2018,0
🍀  Шишке,Oct 12, 2018,0
🚬  Специи,Oct 12, 2018,0
🚑  Альфач,Oct 12, 2018,0
🚑  ЗеленыйЭльф,Oct 12, 2018,0
🚑  СинийЭльф,Oct 12, 2018,0
🚑  Метс-рац,Oct 12, 2018,0
💊  Кола,Oct 12, 2018,0
💊  Ferrari,Oct 12, 2018,0
⛄  АнфРозовый,Oct 12, 2018,0
🚬  ШишБигДевил,Oct 12, 2018,0
🚑  СКСиниеКрис,Oct 12, 2018,0
🚑  АльфачЖелтый,Oct 12, 2018,0
🚑  АльфачФиолетовый,Oct 12, 2018,0
💊  xVersace,Oct 12, 2018,0
🚬  БитоеШиш,Oct 12, 2018,0
🚑  СКЖелтыйКрис,Oct 12, 2018,0
🚑  АльфачБелый,Oct 12, 2018,0
🚬  Сканк24Т,Oct 12, 2018,0
🚑  СККрасныйКрис,Oct 12, 2018,0
🚬  БитыеШишПлан,Oct 12, 2018,0
⛄  Анфер,Oct 13, 2018,0
🍀  Шишке,Oct 13, 2018,0
🚬  Специи,Oct 13, 2018,0
🚑  Альфач,Oct 13, 2018,0
🚑  ЗеленыйЭльф,Oct 13, 2018,0
🚑  СинийЭльф,Oct 13, 2018,0
🚑  Метс-рац,Oct 13, 2018,0
💊  Кола,Oct 13, 2018,0
💊  Ferrari,Oct 13, 2018,0
⛄  АнфРозовый,Oct 13, 2018,0
🚬  ШишБигДевил,Oct 13, 2018,0
🚑  СКСиниеКрис,Oct 13, 2018,0
🚑  АльфачЖелтый,Oct 13, 2018,0
🚑  АльфачФиолетовый,Oct 13, 2018,0
💊  xVersace,Oct 13, 2018,0
🚬  БитоеШиш,Oct 13, 2018,0
🚑  СКЖелтыйКрис,Oct 13, 2018,0
🚑  АльфачБелый,Oct 13, 2018,0
🚬  Сканк24Т,Oct 13, 2018,0
🚑  СККрасныйКрис,Oct 13, 2018,0
🚬  БитыеШишПлан,Oct 13, 2018,0
⛄  Анфер,Oct 14, 2018,0
🍀  Шишке,Oct 14, 2018,0
🚬  Специи,Oct 14, 2018,0
🚑  Альфач,Oct 14, 2018,0
🚑  ЗеленыйЭльф,Oct 14, 2018,0
🚑  СинийЭльф,Oct 14, 2018,0
🚑  Метс-рац,Oct 14, 2018,0
💊  Кола,Oct 14, 2018,0
💊  Ferrari,Oct 14, 2018,0
⛄  АнфРозовый,Oct 14, 2018,0
🚬  ШишБигДевил,Oct 14, 2018,0
🚑  СКСиниеКрис,Oct 14, 2018,0
🚑  АльфачЖелтый,Oct 14, 2018,0
🚑  АльфачФиолетовый,Oct 14, 2018,0
💊  xVersace,Oct 14, 2018,0
🚬  БитоеШиш,Oct 14, 2018,0
🚑  СКЖелтыйКрис,Oct 14, 2018,0
🚑  АльфачБелый,Oct 14, 2018,0
🚬  Сканк24Т,Oct 14, 2018,0
🚑  СККрасныйКрис,Oct 14, 2018,0
🚬  БитыеШишПлан,Oct 14, 2018,0
⛄  Анфер,Oct 15, 2018,0
🍀  Шишке,Oct 15, 2018,0
🚬  Специи,Oct 15, 2018,0
🚑  Альфач,Oct 15, 2018,0
🚑  ЗеленыйЭльф,Oct 15, 2018,0
🚑  СинийЭльф,Oct 15, 2018,0
🚑  Метс-рац,Oct 15, 2018,0
💊  Кола,Oct 15, 2018,0
💊  Ferrari,Oct 15, 2018,0
⛄  АнфРозовый,Oct 15, 2018,0
🚬  ШишБигДевил,Oct 15, 2018,0
🚑  СКСиниеКрис,Oct 15, 2018,0
🚑  АльфачЖелтый,Oct 15, 2018,0
🚑  АльфачФиолетовый,Oct 15, 2018,0
💊  xVersace,Oct 15, 2018,0
🚬  БитоеШиш,Oct 15, 2018,0
🚑  СКЖелтыйКрис,Oct 15, 2018,0
🚑  АльфачБелый,Oct 15, 2018,0
🚬  Сканк24Т,Oct 15, 2018,0
🚑  СККрасныйКрис,Oct 15, 2018,0
🚬  БитыеШишПлан,Oct 15, 2018,0
⛄  Анфер,Oct 16, 2018,0
🍀  Шишке,Oct 16, 2018,0
🚬  Специи,Oct 16, 2018,0
🚑  Альфач,Oct 16, 2018,0
🚑  ЗеленыйЭльф,Oct 16, 2018,0
🚑  СинийЭльф,Oct 16, 2018,0
🚑  Метс-рац,Oct 16, 2018,0
💊  Кола,Oct 16, 2018,0
💊  Ferrari,Oct 16, 2018,0
⛄  АнфРозовый,Oct 16, 2018,0
🚬  ШишБигДевил,Oct 16, 2018,0
🚑  СКСиниеКрис,Oct 16, 2018,0
🚑  АльфачЖелтый,Oct 16, 2018,0
🚑  АльфачФиолетовый,Oct 16, 2018,0
💊  xVersace,Oct 16, 2018,0
🚬  БитоеШиш,Oct 16, 2018,0
🚑  СКЖелтыйКрис,Oct 16, 2018,0
🚑  АльфачБелый,Oct 16, 2018,0
🚬  Сканк24Т,Oct 16, 2018,0
🚑  СККрасныйКрис,Oct 16, 2018,0
🚬  БитыеШишПлан,Oct 16, 2018,0
⛄  Анфер,Oct 17, 2018,0
🍀  Шишке,Oct 17, 2018,0
🚬  Специи,Oct 17, 2018,0
🚑  Альфач,Oct 17, 2018,0
🚑  ЗеленыйЭльф,Oct 17, 2018,0
🚑  СинийЭльф,Oct 17, 2018,0
🚑  Метс-рац,Oct 17, 2018,0
💊  Кола,Oct 17, 2018,0
💊  Ferrari,Oct 17, 2018,0
⛄  АнфРозовый,Oct 17, 2018,0
🚬  ШишБигДевил,Oct 17, 2018,0
🚑  СКСиниеКрис,Oct 17, 2018,0
🚑  АльфачЖелтый,Oct 17, 2018,0
🚑  АльфачФиолетовый,Oct 17, 2018,0
💊  xVersace,Oct 17, 2018,0
🚬  БитоеШиш,Oct 17, 2018,0
🚑  СКЖелтыйКрис,Oct 17, 2018,0
🚑  АльфачБелый,Oct 17, 2018,0
🚬  Сканк24Т,Oct 17, 2018,0
🚑  СККрасныйКрис,Oct 17, 2018,0
🚬  БитыеШишПлан,Oct 17, 2018,0
⛄  Анфер,Oct 18, 2018,0
🍀  Шишке,Oct 18, 2018,0
🚬  Специи,Oct 18, 2018,0
🚑  Альфач,Oct 18, 2018,0
🚑  ЗеленыйЭльф,Oct 18, 2018,0
🚑  СинийЭльф,Oct 18, 2018,0
🚑  Метс-рац,Oct 18, 2018,0
💊  Кола,Oct 18, 2018,0
💊  Ferrari,Oct 18, 2018,0
⛄  АнфРозовый,Oct 18, 2018,0
🚬  ШишБигДевил,Oct 18, 2018,0
🚑  СКСиниеКрис,Oct 18, 2018,0
🚑  АльфачЖелтый,Oct 18, 2018,0
🚑  АльфачФиолетовый,Oct 18, 2018,0
💊  xVersace,Oct 18, 2018,0
🚬  БитоеШиш,Oct 18, 2018,0
🚑  СКЖелтыйКрис,Oct 18, 2018,0
🚑  АльфачБелый,Oct 18, 2018,0
🚬  Сканк24Т,Oct 18, 2018,0
🚑  СККрасныйКрис,Oct 18, 2018,0
🚬  БитыеШишПлан,Oct 18, 2018,0
⛄  Анфер,Oct 19, 2018,0
🍀  Шишке,Oct 19, 2018,0
🚬  Специи,Oct 19, 2018,0
🚑  Альфач,Oct 19, 2018,0
🚑  ЗеленыйЭльф,Oct 19, 2018,0
🚑  СинийЭльф,Oct 19, 2018,0
🚑  Метс-рац,Oct 19, 2018,0
💊  Кола,Oct 19, 2018,0
💊  Ferrari,Oct 19, 2018,0
⛄  АнфРозовый,Oct 19, 2018,0
🚬  ШишБигДевил,Oct 19, 2018,0
🚑  СКСиниеКрис,Oct 19, 2018,0
🚑  АльфачЖелтый,Oct 19, 2018,0
🚑  АльфачФиолетовый,Oct 19, 2018,0
💊  xVersace,Oct 19, 2018,0
🚬  БитоеШиш,Oct 19, 2018,0
🚑  СКЖелтыйКрис,Oct 19, 2018,0
🚑  АльфачБелый,Oct 19, 2018,0
🚬  Сканк24Т,Oct 19, 2018,0
🚑  СККрасныйКрис,Oct 19, 2018,0
🚬  БитыеШишПлан,Oct 19, 2018,0
⛄  Анфер,Oct 20, 2018,0
🍀  Шишке,Oct 20, 2018,0
🚬  Специи,Oct 20, 2018,0
🚑  Альфач,Oct 20, 2018,0
🚑  ЗеленыйЭльф,Oct 20, 2018,0
🚑  СинийЭльф,Oct 20, 2018,0
🚑  Метс-рац,Oct 20, 2018,0
💊  Кола,Oct 20, 2018,0
💊  Ferrari,Oct 20, 2018,0
⛄  АнфРозовый,Oct 20, 2018,0
🚬  ШишБигДевил,Oct 20, 2018,0
🚑  СКСиниеКрис,Oct 20, 2018,0
🚑  АльфачЖелтый,Oct 20, 2018,0
🚑  АльфачФиолетовый,Oct 20, 2018,0
💊  xVersace,Oct 20, 2018,0
🚬  БитоеШиш,Oct 20, 2018,0
🚑  СКЖелтыйКрис,Oct 20, 2018,0
🚑  АльфачБелый,Oct 20, 2018,0
🚬  Сканк24Т,Oct 20, 2018,0
🚑  СККрасныйКрис,Oct 20, 2018,0
🚬  БитыеШишПлан,Oct 20, 2018,0
⛄  Анфер,Oct 21, 2018,0
🍀  Шишке,Oct 21, 2018,0
🚬  Специи,Oct 21, 2018,0
🚑  Альфач,Oct 21, 2018,0
🚑  ЗеленыйЭльф,Oct 21, 2018,0
🚑  СинийЭльф,Oct 21, 2018,0
🚑  Метс-рац,Oct 21, 2018,0
💊  Кола,Oct 21, 2018,0
💊  Ferrari,Oct 21, 2018,0
⛄  АнфРозовый,Oct 21, 2018,0
🚬  ШишБигДевил,Oct 21, 2018,0
🚑  СКСиниеКрис,Oct 21, 2018,0
🚑  АльфачЖелтый,Oct 21, 2018,0
🚑  АльфачФиолетовый,Oct 21, 2018,0
💊  xVersace,Oct 21, 2018,0
🚬  БитоеШиш,Oct 21, 2018,0
🚑  СКЖелтыйКрис,Oct 21, 2018,0
🚑  АльфачБелый,Oct 21, 2018,0
🚬  Сканк24Т,Oct 21, 2018,0
🚑  СККрасныйКрис,Oct 21, 2018,0
🚬  БитыеШишПлан,Oct 21, 2018,0
⛄  Анфер,Oct 22, 2018,0
🍀  Шишке,Oct 22, 2018,0
🚬  Специи,Oct 22, 2018,0
🚑  Альфач,Oct 22, 2018,0
🚑  ЗеленыйЭльф,Oct 22, 2018,0
🚑  СинийЭльф,Oct 22, 2018,0
🚑  Метс-рац,Oct 22, 2018,0
💊  Кола,Oct 22, 2018,0
💊  Ferrari,Oct 22, 2018,0
⛄  АнфРозовый,Oct 22, 2018,0
🚬  ШишБигДевил,Oct 22, 2018,0
🚑  СКСиниеКрис,Oct 22, 2018,0
🚑  АльфачЖелтый,Oct 22, 2018,0
🚑  АльфачФиолетовый,Oct 22, 2018,0
💊  xVersace,Oct 22, 2018,0
🚬  БитоеШиш,Oct 22, 2018,0
🚑  СКЖелтыйКрис,Oct 22, 2018,0
🚑  АльфачБелый,Oct 22, 2018,0
🚬  Сканк24Т,Oct 22, 2018,0
🚑  СККрасныйКрис,Oct 22, 2018,0
🚬  БитыеШишПлан,Oct 22, 2018,0
⛄  Анфер,Oct 23, 2018,0
🍀  Шишке,Oct 23, 2018,0
🚬  Специи,Oct 23, 2018,0
🚑  Альфач,Oct 23, 2018,0
🚑  ЗеленыйЭльф,Oct 23, 2018,0
🚑  СинийЭльф,Oct 23, 2018,0
🚑  Метс-рац,Oct 23, 2018,0
💊  Кола,Oct 23, 2018,0
💊  Ferrari,Oct 23, 2018,0
⛄  АнфРозовый,Oct 23, 2018,0
🚬  ШишБигДевил,Oct 23, 2018,0
🚑  СКСиниеКрис,Oct 23, 2018,0
🚑  АльфачЖелтый,Oct 23, 2018,0
🚑  АльфачФиолетовый,Oct 23, 2018,0
💊  xVersace,Oct 23, 2018,0
🚬  БитоеШиш,Oct 23, 2018,0
🚑  СКЖелтыйКрис,Oct 23, 2018,0
🚑  АльфачБелый,Oct 23, 2018,0
🚬  Сканк24Т,Oct 23, 2018,0
🚑  СККрасныйКрис,Oct 23, 2018,0
🚬  БитыеШишПлан,Oct 23, 2018,0
⛄  Анфер,Oct 24, 2018,0
🍀  Шишке,Oct 24, 2018,0
🚬  Специи,Oct 24, 2018,0
🚑  Альфач,Oct 24, 2018,0
🚑  ЗеленыйЭльф,Oct 24, 2018,0
🚑  СинийЭльф,Oct 24, 2018,0
🚑  Метс-рац,Oct 24, 2018,0
💊  Кола,Oct 24, 2018,0
💊  Ferrari,Oct 24, 2018,0
⛄  АнфРозовый,Oct 24, 2018,0
🚬  ШишБигДевил,Oct 24, 2018,0
🚑  СКСиниеКрис,Oct 24, 2018,0
🚑  АльфачЖелтый,Oct 24, 2018,0
🚑  АльфачФиолетовый,Oct 24, 2018,0
💊  xVersace,Oct 24, 2018,0
🚬  БитоеШиш,Oct 24, 2018,0
🚑  СКЖелтыйКрис,Oct 24, 2018,0
🚑  АльфачБелый,Oct 24, 2018,0
🚬  Сканк24Т,Oct 24, 2018,0
🚑  СККрасныйКрис,Oct 24, 2018,0
🚬  БитыеШишПлан,Oct 24, 2018,0
⛄  Анфер,Oct 25, 2018,0
🍀  Шишке,Oct 25, 2018,0
🚬  Специи,Oct 25, 2018,0
🚑  Альфач,Oct 25, 2018,0
🚑  ЗеленыйЭльф,Oct 25, 2018,0
🚑  СинийЭльф,Oct 25, 2018,0
🚑  Метс-рац,Oct 25, 2018,0
💊  Кола,Oct 25, 2018,0
💊  Ferrari,Oct 25, 2018,0
⛄  АнфРозовый,Oct 25, 2018,0
🚬  ШишБигДевил,Oct 25, 2018,0
🚑  СКСиниеКрис,Oct 25, 2018,0
🚑  АльфачЖелтый,Oct 25, 2018,0
🚑  АльфачФиолетовый,Oct 25, 2018,0
💊  xVersace,Oct 25, 2018,0
🚬  БитоеШиш,Oct 25, 2018,0
🚑  СКЖелтыйКрис,Oct 25, 2018,0
🚑  АльфачБелый,Oct 25, 2018,0
🚬  Сканк24Т,Oct 25, 2018,0
🚑  СККрасныйКрис,Oct 25, 2018,0
🚬  БитыеШишПлан,Oct 25, 2018,0
⛄  Анфер,Oct 26, 2018,0
🍀  Шишке,Oct 26, 2018,0
🚬  Специи,Oct 26, 2018,0
🚑  Альфач,Oct 26, 2018,0
🚑  ЗеленыйЭльф,Oct 26, 2018,0
🚑  СинийЭльф,Oct 26, 2018,0
🚑  Метс-рац,Oct 26, 2018,0
💊  Кола,Oct 26, 2018,0
💊  Ferrari,Oct 26, 2018,0
⛄  АнфРозовый,Oct 26, 2018,0
🚬  ШишБигДевил,Oct 26, 2018,0
🚑  СКСиниеКрис,Oct 26, 2018,0
🚑  АльфачЖелтый,Oct 26, 2018,0
🚑  АльфачФиолетовый,Oct 26, 2018,0
💊  xVersace,Oct 26, 2018,0
🚬  БитоеШиш,Oct 26, 2018,0
🚑  СКЖелтыйКрис,Oct 26, 2018,0
🚑  АльфачБелый,Oct 26, 2018,0
🚬  Сканк24Т,Oct 26, 2018,0
🚑  СККрасныйКрис,Oct 26, 2018,0
🚬  БитыеШишПлан,Oct 26, 2018,0
⛄  Анфер,Oct 27, 2018,0
🍀  Шишке,Oct 27, 2018,0
🚬  Специи,Oct 27, 2018,0
🚑  Альфач,Oct 27, 2018,0
🚑  ЗеленыйЭльф,Oct 27, 2018,0
🚑  СинийЭльф,Oct 27, 2018,0
🚑  Метс-рац,Oct 27, 2018,0
💊  Кола,Oct 27, 2018,0
💊  Ferrari,Oct 27, 2018,0
⛄  АнфРозовый,Oct 27, 2018,0
🚬  ШишБигДевил,Oct 27, 2018,0
🚑  СКСиниеКрис,Oct 27, 2018,0
🚑  АльфачЖелтый,Oct 27, 2018,0
🚑  АльфачФиолетовый,Oct 27, 2018,0
💊  xVersace,Oct 27, 2018,0
🚬  БитоеШиш,Oct 27, 2018,0
🚑  СКЖелтыйКрис,Oct 27, 2018,0
🚑  АльфачБелый,Oct 27, 2018,0
🚬  Сканк24Т,Oct 27, 2018,0
🚑  СККрасныйКрис,Oct 27, 2018,0
🚬  БитыеШишПлан,Oct 27, 2018,0
⛄  Анфер,Oct 28, 2018,0
🍀  Шишке,Oct 28, 2018,0
🚬  Специи,Oct 28, 2018,0
🚑  Альфач,Oct 28, 2018,0
🚑  ЗеленыйЭльф,Oct 28, 2018,0
🚑  СинийЭльф,Oct 28, 2018,0
🚑  Метс-рац,Oct 28, 2018,0
💊  Кола,Oct 28, 2018,0
💊  Ferrari,Oct 28, 2018,0
⛄  АнфРозовый,Oct 28, 2018,0
🚬  ШишБигДевил,Oct 28, 2018,0
🚑  СКСиниеКрис,Oct 28, 2018,0
🚑  АльфачЖелтый,Oct 28, 2018,0
🚑  АльфачФиолетовый,Oct 28, 2018,0
💊  xVersace,Oct 28, 2018,0
🚬  БитоеШиш,Oct 28, 2018,0
🚑  СКЖелтыйКрис,Oct 28, 2018,0
🚑  АльфачБелый,Oct 28, 2018,0
🚬  Сканк24Т,Oct 28, 2018,0
🚑  СККрасныйКрис,Oct 28, 2018,0
🚬  БитыеШишПлан,Oct 28, 2018,0
⛄  Анфер,Oct 29, 2018,0
🍀  Шишке,Oct 29, 2018,0
🚬  Специи,Oct 29, 2018,0
🚑  Альфач,Oct 29, 2018,0
🚑  ЗеленыйЭльф,Oct 29, 2018,0
🚑  СинийЭльф,Oct 29, 2018,0
🚑  Метс-рац,Oct 29, 2018,0
💊  Кола,Oct 29, 2018,0
💊  Ferrari,Oct 29, 2018,0
⛄  АнфРозовый,Oct 29, 2018,0
🚬  ШишБигДевил,Oct 29, 2018,0
🚑  СКСиниеКрис,Oct 29, 2018,0
🚑  АльфачЖелтый,Oct 29, 2018,0
🚑  АльфачФиолетовый,Oct 29, 2018,0
💊  xVersace,Oct 29, 2018,0
🚬  БитоеШиш,Oct 29, 2018,0
🚑  СКЖелтыйКрис,Oct 29, 2018,0
🚑  АльфачБелый,Oct 29, 2018,0
🚬  Сканк24Т,Oct 29, 2018,0
🚑  СККрасныйКрис,Oct 29, 2018,0
🚬  БитыеШишПлан,Oct 29, 2018,0
⛄  Анфер,Oct 30, 2018,0
🍀  Шишке,Oct 30, 2018,0
🚬  Специи,Oct 30, 2018,0
🚑  Альфач,Oct 30, 2018,0
🚑  ЗеленыйЭльф,Oct 30, 2018,0
🚑  СинийЭльф,Oct 30, 2018,0
🚑  Метс-рац,Oct 30, 2018,0
💊  Кола,Oct 30, 2018,0
💊  Ferrari,Oct 30, 2018,0
⛄  АнфРозовый,Oct 30, 2018,0
🚬  ШишБигДевил,Oct 30, 2018,0
🚑  СКСиниеКрис,Oct 30, 2018,0
🚑  АльфачЖелтый,Oct 30, 2018,0
🚑  АльфачФиолетовый,Oct 30, 2018,0
💊  xVersace,Oct 30, 2018,0
🚬  БитоеШиш,Oct 30, 2018,0
🚑  СКЖелтыйКрис,Oct 30, 2018,0
🚑  АльфачБелый,Oct 30, 2018,0
🚬  Сканк24Т,Oct 30, 2018,0
🚑  СККрасныйКрис,Oct 30, 2018,0
🚬  БитыеШишПлан,Oct 30, 2018,0
⛄  Анфер,Oct 31, 2018,0
🍀  Шишке,Oct 31, 2018,0
🚬  Специи,Oct 31, 2018,0
🚑  Альфач,Oct 31, 2018,0
🚑  ЗеленыйЭльф,Oct 31, 2018,0
🚑  СинийЭльф,Oct 31, 2018,0
🚑  Метс-рац,Oct 31, 2018,0
💊  Кола,Oct 31, 2018,0
💊  Ferrari,Oct 31, 2018,0
⛄  АнфРозовый,Oct 31, 2018,0
🚬  ШишБигДевил,Oct 31, 2018,0
🚑  СКСиниеКрис,Oct 31, 2018,0
🚑  АльфачЖелтый,Oct 31, 2018,0
🚑  АльфачФиолетовый,Oct 31, 2018,0
💊  xVersace,Oct 31, 2018,0
🚬  БитоеШиш,Oct 31, 2018,0
🚑  СКЖелтыйКрис,Oct 31, 2018,0
🚑  АльфачБелый,Oct 31, 2018,0
🚬  Сканк24Т,Oct 31, 2018,0
🚑  СККрасныйКрис,Oct 31, 2018,0
🚬  БитыеШишПлан,Oct 31, 2018,0
⛄  Анфер,Oct 01, 2018,0
🍀  Шишке,Oct 01, 2018,0
🚑  Альфач,Oct 01, 2018,0
🚑  СинийЭльф,Oct 01, 2018,0
🚑  Метс-рац,Oct 01, 2018,0
💊  WhatsApp,Oct 01, 2018,0
🚑  АльфачЖелтый,Oct 01, 2018,0
🚑  АльфачФиолетовый,Oct 01, 2018,0
💊  xVersace,Oct 01, 2018,0
🚑  АльфачБелый,Oct 01, 2018,0
🚑  АльфачVIP,Oct 01, 2018,0
⛄  Анфер,Oct 02, 2018,0
🍀  Шишке,Oct 02, 2018,0
🚑  Альфач,Oct 02, 2018,0
🚑  СинийЭльф,Oct 02, 2018,0
🚑  Метс-рац,Oct 02, 2018,0
💊  WhatsApp,Oct 02, 2018,0
🚑  АльфачЖелтый,Oct 02, 2018,0
🚑  АльфачФиолетовый,Oct 02, 2018,0
💊  xVersace,Oct 02, 2018,0
🚑  АльфачБелый,Oct 02, 2018,0
🚑  АльфачVIP,Oct 02, 2018,0
⛄  Анфер,Oct 03, 2018,0
🍀  Шишке,Oct 03, 2018,0
🚑  Альфач,Oct 03, 2018,0
🚑  СинийЭльф,Oct 03, 2018,0
🚑  Метс-рац,Oct 03, 2018,0
💊  WhatsApp,Oct 03, 2018,0
🚑  АльфачЖелтый,Oct 03, 2018,0
🚑  АльфачФиолетовый,Oct 03, 2018,0
💊  xVersace,Oct 03, 2018,0
🚑  АльфачБелый,Oct 03, 2018,0
🚑  АльфачVIP,Oct 03, 2018,0
⛄  Анфер,Oct 04, 2018,0
🍀  Шишке,Oct 04, 2018,0
🚑  Альфач,Oct 04, 2018,0
🚑  СинийЭльф,Oct 04, 2018,0
🚑  Метс-рац,Oct 04, 2018,0
💊  WhatsApp,Oct 04, 2018,0
🚑  АльфачЖелтый,Oct 04, 2018,0
🚑  АльфачФиолетовый,Oct 04, 2018,0
💊  xVersace,Oct 04, 2018,0
🚑  АльфачБелый,Oct 04, 2018,0
🚑  АльфачVIP,Oct 04, 2018,0
⛄  Анфер,Oct 05, 2018,0
🍀  Шишке,Oct 05, 2018,0
🚑  Альфач,Oct 05, 2018,0
🚑  СинийЭльф,Oct 05, 2018,0
🚑  Метс-рац,Oct 05, 2018,0
💊  WhatsApp,Oct 05, 2018,0
🚑  АльфачЖелтый,Oct 05, 2018,0
🚑  АльфачФиолетовый,Oct 05, 2018,0
💊  xVersace,Oct 05, 2018,0
🚑  АльфачБелый,Oct 05, 2018,0
🚑  АльфачVIP,Oct 05, 2018,0
⛄  Анфер,Oct 06, 2018,0
🍀  Шишке,Oct 06, 2018,0
🚑  Альфач,Oct 06, 2018,0
🚑  СинийЭльф,Oct 06, 2018,0
🚑  Метс-рац,Oct 06, 2018,0
💊  WhatsApp,Oct 06, 2018,0
🚑  АльфачЖелтый,Oct 06, 2018,0
🚑  АльфачФиолетовый,Oct 06, 2018,0
💊  xVersace,Oct 06, 2018,0
🚑  АльфачБелый,Oct 06, 2018,0
🚑  АльфачVIP,Oct 06, 2018,0
⛄  Анфер,Oct 07, 2018,0
🍀  Шишке,Oct 07, 2018,0
🚑  Альфач,Oct 07, 2018,0
🚑  СинийЭльф,Oct 07, 2018,0
🚑  Метс-рац,Oct 07, 2018,0
💊  WhatsApp,Oct 07, 2018,0
🚑  АльфачЖелтый,Oct 07, 2018,0
🚑  АльфачФиолетовый,Oct 07, 2018,0
💊  xVersace,Oct 07, 2018,0
🚑  АльфачБелый,Oct 07, 2018,0
🚑  АльфачVIP,Oct 07, 2018,0
⛄  Анфер,Oct 08, 2018,0
🍀  Шишке,Oct 08, 2018,0
🚑  Альфач,Oct 08, 2018,0
🚑  СинийЭльф,Oct 08, 2018,0
🚑  Метс-рац,Oct 08, 2018,0
💊  WhatsApp,Oct 08, 2018,0
🚑  АльфачЖелтый,Oct 08, 2018,0
🚑  АльфачФиолетовый,Oct 08, 2018,0
💊  xVersace,Oct 08, 2018,0
🚑  АльфачБелый,Oct 08, 2018,0
🚑  АльфачVIP,Oct 08, 2018,0
⛄  Анфер,Oct 09, 2018,0
🍀  Шишке,Oct 09, 2018,0
🚑  Альфач,Oct 09, 2018,0
🚑  СинийЭльф,Oct 09, 2018,0
🚑  Метс-рац,Oct 09, 2018,0
💊  WhatsApp,Oct 09, 2018,0
🚑  АльфачЖелтый,Oct 09, 2018,0
🚑  АльфачФиолетовый,Oct 09, 2018,0
💊  xVersace,Oct 09, 2018,0
🚑  АльфачБелый,Oct 09, 2018,0
🚑  АльфачVIP,Oct 09, 2018,0
⛄  Анфер,Oct 10, 2018,0
🍀  Шишке,Oct 10, 2018,0
🚑  Альфач,Oct 10, 2018,0
🚑  СинийЭльф,Oct 10, 2018,0
🚑  Метс-рац,Oct 10, 2018,0
💊  WhatsApp,Oct 10, 2018,0
🚑  АльфачЖелтый,Oct 10, 2018,0
🚑  АльфачФиолетовый,Oct 10, 2018,0
💊  xVersace,Oct 10, 2018,0
🚑  АльфачБелый,Oct 10, 2018,0
🚑  АльфачVIP,Oct 10, 2018,0
⛄  Анфер,Oct 11, 2018,0
🍀  Шишке,Oct 11, 2018,0
🚑  Альфач,Oct 11, 2018,0
🚑  СинийЭльф,Oct 11, 2018,0
🚑  Метс-рац,Oct 11, 2018,0
💊  WhatsApp,Oct 11, 2018,0
🚑  АльфачЖелтый,Oct 11, 2018,0
🚑  АльфачФиолетовый,Oct 11, 2018,0
💊  xVersace,Oct 11, 2018,0
🚑  АльфачБелый,Oct 11, 2018,0
🚑  АльфачVIP,Oct 11, 2018,0
⛄  Анфер,Oct 12, 2018,0
🍀  Шишке,Oct 12, 2018,0
🚑  Альфач,Oct 12, 2018,0
🚑  СинийЭльф,Oct 12, 2018,0
🚑  Метс-рац,Oct 12, 2018,0
💊  WhatsApp,Oct 12, 2018,0
🚑  АльфачЖелтый,Oct 12, 2018,0
🚑  АльфачФиолетовый,Oct 12, 2018,0
💊  xVersace,Oct 12, 2018,0
🚑  АльфачБелый,Oct 12, 2018,0
🚑  АльфачVIP,Oct 12, 2018,0
⛄  Анфер,Oct 13, 2018,0
🍀  Шишке,Oct 13, 2018,0
🚑  Альфач,Oct 13, 2018,0
🚑  СинийЭльф,Oct 13, 2018,0
🚑  Метс-рац,Oct 13, 2018,0
💊  WhatsApp,Oct 13, 2018,0
🚑  АльфачЖелтый,Oct 13, 2018,0
🚑  АльфачФиолетовый,Oct 13, 2018,0
💊  xVersace,Oct 13, 2018,0
🚑  АльфачБелый,Oct 13, 2018,0
🚑  АльфачVIP,Oct 13, 2018,0
⛄  Анфер,Oct 14, 2018,0
🍀  Шишке,Oct 14, 2018,0
🚑  Альфач,Oct 14, 2018,0
🚑  СинийЭльф,Oct 14, 2018,0
🚑  Метс-рац,Oct 14, 2018,0
💊  WhatsApp,Oct 14, 2018,0
🚑  АльфачЖелтый,Oct 14, 2018,0
🚑  АльфачФиолетовый,Oct 14, 2018,0
💊  xVersace,Oct 14, 2018,0
🚑  АльфачБелый,Oct 14, 2018,0
🚑  АльфачVIP,Oct 14, 2018,0
⛄  Анфер,Oct 15, 2018,0
🍀  Шишке,Oct 15, 2018,0
🚑  Альфач,Oct 15, 2018,0
🚑  СинийЭльф,Oct 15, 2018,0
🚑  Метс-рац,Oct 15, 2018,0
💊  WhatsApp,Oct 15, 2018,0
🚑  АльфачЖелтый,Oct 15, 2018,0
🚑  АльфачФиолетовый,Oct 15, 2018,0
💊  xVersace,Oct 15, 2018,0
🚑  АльфачБелый,Oct 15, 2018,0
🚑  АльфачVIP,Oct 15, 2018,0
⛄  Анфер,Oct 16, 2018,0
🍀  Шишке,Oct 16, 2018,0
🚑  Альфач,Oct 16, 2018,0
🚑  СинийЭльф,Oct 16, 2018,0
🚑  Метс-рац,Oct 16, 2018,0
💊  WhatsApp,Oct 16, 2018,0
🚑  АльфачЖелтый,Oct 16, 2018,0
🚑  АльфачФиолетовый,Oct 16, 2018,0
💊  xVersace,Oct 16, 2018,0
🚑  АльфачБелый,Oct 16, 2018,0
🚑  АльфачVIP,Oct 16, 2018,0
⛄  Анфер,Oct 17, 2018,0
🍀  Шишке,Oct 17, 2018,0
🚑  Альфач,Oct 17, 2018,0
🚑  СинийЭльф,Oct 17, 2018,0
🚑  Метс-рац,Oct 17, 2018,0
💊  WhatsApp,Oct 17, 2018,0
🚑  АльфачЖелтый,Oct 17, 2018,0
🚑  АльфачФиолетовый,Oct 17, 2018,0
💊  xVersace,Oct 17, 2018,0
🚑  АльфачБелый,Oct 17, 2018,0
🚑  АльфачVIP,Oct 17, 2018,0
⛄  Анфер,Oct 18, 2018,0
🍀  Шишке,Oct 18, 2018,0
🚑  Альфач,Oct 18, 2018,0
🚑  СинийЭльф,Oct 18, 2018,0
🚑  Метс-рац,Oct 18, 2018,0
💊  WhatsApp,Oct 18, 2018,0
🚑  АльфачЖелтый,Oct 18, 2018,0
🚑  АльфачФиолетовый,Oct 18, 2018,0
💊  xVersace,Oct 18, 2018,0
🚑  АльфачБелый,Oct 18, 2018,0
🚑  АльфачVIP,Oct 18, 2018,0
⛄  Анфер,Oct 19, 2018,0
🍀  Шишке,Oct 19, 2018,0
🚑  Альфач,Oct 19, 2018,0
🚑  СинийЭльф,Oct 19, 2018,0
🚑  Метс-рац,Oct 19, 2018,0
💊  WhatsApp,Oct 19, 2018,0
🚑  АльфачЖелтый,Oct 19, 2018,0
🚑  АльфачФиолетовый,Oct 19, 2018,0
💊  xVersace,Oct 19, 2018,0
🚑  АльфачБелый,Oct 19, 2018,0
🚑  АльфачVIP,Oct 19, 2018,0
⛄  Анфер,Oct 20, 2018,0
🍀  Шишке,Oct 20, 2018,0
🚑  Альфач,Oct 20, 2018,0
🚑  СинийЭльф,Oct 20, 2018,0
🚑  Метс-рац,Oct 20, 2018,0
💊  WhatsApp,Oct 20, 2018,0
🚑  АльфачЖелтый,Oct 20, 2018,0
🚑  АльфачФиолетовый,Oct 20, 2018,0
💊  xVersace,Oct 20, 2018,0
🚑  АльфачБелый,Oct 20, 2018,0
🚑  АльфачVIP,Oct 20, 2018,0
⛄  Анфер,Oct 21, 2018,0
🍀  Шишке,Oct 21, 2018,0
🚑  Альфач,Oct 21, 2018,0
🚑  СинийЭльф,Oct 21, 2018,0
🚑  Метс-рац,Oct 21, 2018,0
💊  WhatsApp,Oct 21, 2018,0
🚑  АльфачЖелтый,Oct 21, 2018,0
🚑  АльфачФиолетовый,Oct 21, 2018,0
💊  xVersace,Oct 21, 2018,0
🚑  АльфачБелый,Oct 21, 2018,0
🚑  АльфачVIP,Oct 21, 2018,0
⛄  Анфер,Oct 22, 2018,0
🍀  Шишке,Oct 22, 2018,0
🚑  Альфач,Oct 22, 2018,0
🚑  СинийЭльф,Oct 22, 2018,0
🚑  Метс-рац,Oct 22, 2018,0
💊  WhatsApp,Oct 22, 2018,0
🚑  АльфачЖелтый,Oct 22, 2018,0
🚑  АльфачФиолетовый,Oct 22, 2018,0
💊  xVersace,Oct 22, 2018,0
🚑  АльфачБелый,Oct 22, 2018,0
🚑  АльфачVIP,Oct 22, 2018,0
⛄  Анфер,Oct 23, 2018,0
🍀  Шишке,Oct 23, 2018,0
🚑  Альфач,Oct 23, 2018,0
🚑  СинийЭльф,Oct 23, 2018,0
🚑  Метс-рац,Oct 23, 2018,0
💊  WhatsApp,Oct 23, 2018,0
🚑  АльфачЖелтый,Oct 23, 2018,0
🚑  АльфачФиолетовый,Oct 23, 2018,0
💊  xVersace,Oct 23, 2018,0
🚑  АльфачБелый,Oct 23, 2018,0
🚑  АльфачVIP,Oct 23, 2018,0
⛄  Анфер,Oct 24, 2018,0
🍀  Шишке,Oct 24, 2018,0
🚑  Альфач,Oct 24, 2018,0
🚑  СинийЭльф,Oct 24, 2018,0
🚑  Метс-рац,Oct 24, 2018,0
💊  WhatsApp,Oct 24, 2018,0
🚑  АльфачЖелтый,Oct 24, 2018,0
🚑  АльфачФиолетовый,Oct 24, 2018,0
💊  xVersace,Oct 24, 2018,0
🚑  АльфачБелый,Oct 24, 2018,0
🚑  АльфачVIP,Oct 24, 2018,0
⛄  Анфер,Oct 25, 2018,0
🍀  Шишке,Oct 25, 2018,0
🚑  Альфач,Oct 25, 2018,0
🚑  СинийЭльф,Oct 25, 2018,0
🚑  Метс-рац,Oct 25, 2018,0
💊  WhatsApp,Oct 25, 2018,0
🚑  АльфачЖелтый,Oct 25, 2018,0
🚑  АльфачФиолетовый,Oct 25, 2018,0
💊  xVersace,Oct 25, 2018,0
🚑  АльфачБелый,Oct 25, 2018,0
🚑  АльфачVIP,Oct 25, 2018,0
⛄  Анфер,Oct 26, 2018,0
🍀  Шишке,Oct 26, 2018,0
🚑  Альфач,Oct 26, 2018,0
🚑  СинийЭльф,Oct 26, 2018,0
🚑  Метс-рац,Oct 26, 2018,0
💊  WhatsApp,Oct 26, 2018,0
🚑  АльфачЖелтый,Oct 26, 2018,0
🚑  АльфачФиолетовый,Oct 26, 2018,0
💊  xVersace,Oct 26, 2018,0
🚑  АльфачБелый,Oct 26, 2018,0
🚑  АльфачVIP,Oct 26, 2018,0
⛄  Анфер,Oct 27, 2018,0
🍀  Шишке,Oct 27, 2018,0
🚑  Альфач,Oct 27, 2018,0
🚑  СинийЭльф,Oct 27, 2018,0
🚑  Метс-рац,Oct 27, 2018,0
💊  WhatsApp,Oct 27, 2018,0
🚑  АльфачЖелтый,Oct 27, 2018,0
🚑  АльфачФиолетовый,Oct 27, 2018,0
💊  xVersace,Oct 27, 2018,0
🚑  АльфачБелый,Oct 27, 2018,0
🚑  АльфачVIP,Oct 27, 2018,0
⛄  Анфер,Oct 28, 2018,0
🍀  Шишке,Oct 28, 2018,0
🚑  Альфач,Oct 28, 2018,0
🚑  СинийЭльф,Oct 28, 2018,0
🚑  Метс-рац,Oct 28, 2018,0
💊  WhatsApp,Oct 28, 2018,0
🚑  АльфачЖелтый,Oct 28, 2018,0
🚑  АльфачФиолетовый,Oct 28, 2018,0
💊  xVersace,Oct 28, 2018,0
🚑  АльфачБелый,Oct 28, 2018,0
🚑  АльфачVIP,Oct 28, 2018,0
⛄  Анфер,Oct 29, 2018,0
🍀  Шишке,Oct 29, 2018,0
🚑  Альфач,Oct 29, 2018,0
🚑  СинийЭльф,Oct 29, 2018,0
🚑  Метс-рац,Oct 29, 2018,0
💊  WhatsApp,Oct 29, 2018,0
🚑  АльфачЖелтый,Oct 29, 2018,0
🚑  АльфачФиолетовый,Oct 29, 2018,0
💊  xVersace,Oct 29, 2018,0
🚑  АльфачБелый,Oct 29, 2018,0
🚑  АльфачVIP,Oct 29, 2018,0
⛄  Анфер,Oct 30, 2018,0
🍀  Шишке,Oct 30, 2018,0
🚑  Альфач,Oct 30, 2018,0
🚑  СинийЭльф,Oct 30, 2018,0
🚑  Метс-рац,Oct 30, 2018,0
💊  WhatsApp,Oct 30, 2018,0
🚑  АльфачЖелтый,Oct 30, 2018,0
🚑  АльфачФиолетовый,Oct 30, 2018,0
💊  xVersace,Oct 30, 2018,0
🚑  АльфачБелый,Oct 30, 2018,0
🚑  АльфачVIP,Oct 30, 2018,0
⛄  Анфер,Oct 31, 2018,0
🍀  Шишке,Oct 31, 2018,0
🚑  Альфач,Oct 31, 2018,0
🚑  СинийЭльф,Oct 31, 2018,0
🚑  Метс-рац,Oct 31, 2018,0
💊  WhatsApp,Oct 31, 2018,0
🚑  АльфачЖелтый,Oct 31, 2018,0
🚑  АльфачФиолетовый,Oct 31, 2018,0
💊  xVersace,Oct 31, 2018,0
🚑  АльфачБелый,Oct 31, 2018,0
🚑  АльфачVIP,Oct 31, 2018,0
⛄  Анфер,Oct 01, 2018,0
🖲  LCD,Oct 01, 2018,0
🚑  ЗеленыйЭльф,Oct 01, 2018,0
🚑  СинийЭльф,Oct 01, 2018,0
💊  Ferrari,Oct 01, 2018,0
🚬  МиксЧечня,Oct 01, 2018,0
🚬  WaxxTGK55,Oct 01, 2018,0
💊  xКрист,Oct 01, 2018,0
🚑  КрасныйЭльф,Oct 01, 2018,0
🚬  ШишАК49,Oct 01, 2018,0
💊  xДонПереньон,Oct 01, 2018,0
💊  FlashМетТаб,Oct 01, 2018,0
🖲  ДОБ,Oct 01, 2018,0
💊  FlashPillsMeth,Oct 01, 2018,0
💮  NBome,Oct 01, 2018,0
🚬  ШишТутанхамон,Oct 01, 2018,0
💊  xМДМС,Oct 01, 2018,0
💊  МДА,Oct 01, 2018,0
😻  Меф,Oct 01, 2018,0
😻  БелыйМеф,Oct 01, 2018,0
🚬  ШишУембли,Oct 01, 2018,0
💊  xКиткат,Oct 01, 2018,0
🚑  АльфачЖелтый,Oct 01, 2018,0
💊  xVersace,Oct 01, 2018,0
🚬  БитоеШиш,Oct 01, 2018,0
🚬  КабулЭкспресс,Oct 01, 2018,0
💊  xQDANCE,Oct 01, 2018,0
🍙  Кетамин,Oct 01, 2018,0
💊  xEtherum,Oct 01, 2018,0
⛄  Анфер,Oct 02, 2018,0
🖲  LCD,Oct 02, 2018,0
🚑  ЗеленыйЭльф,Oct 02, 2018,0
🚑  СинийЭльф,Oct 02, 2018,0
💊  Ferrari,Oct 02, 2018,0
🚬  МиксЧечня,Oct 02, 2018,0
🚬  WaxxTGK55,Oct 02, 2018,0
💊  xКрист,Oct 02, 2018,0
🚑  КрасныйЭльф,Oct 02, 2018,0
🚬  ШишАК49,Oct 02, 2018,0
💊  xДонПереньон,Oct 02, 2018,0
💊  FlashМетТаб,Oct 02, 2018,0
🖲  ДОБ,Oct 02, 2018,0
💊  FlashPillsMeth,Oct 02, 2018,0
💮  NBome,Oct 02, 2018,0
🚬  ШишТутанхамон,Oct 02, 2018,0
💊  xМДМС,Oct 02, 2018,0
💊  МДА,Oct 02, 2018,0
😻  Меф,Oct 02, 2018,0
😻  БелыйМеф,Oct 02, 2018,0
🚬  ШишУембли,Oct 02, 2018,0
💊  xКиткат,Oct 02, 2018,0
🚑  АльфачЖелтый,Oct 02, 2018,0
💊  xVersace,Oct 02, 2018,0
🚬  БитоеШиш,Oct 02, 2018,0
🚬  КабулЭкспресс,Oct 02, 2018,0
💊  xQDANCE,Oct 02, 2018,0
🍙  Кетамин,Oct 02, 2018,0
💊  xEtherum,Oct 02, 2018,0
⛄  Анфер,Oct 03, 2018,0
🖲  LCD,Oct 03, 2018,0
🚑  ЗеленыйЭльф,Oct 03, 2018,0
🚑  СинийЭльф,Oct 03, 2018,0
💊  Ferrari,Oct 03, 2018,0
🚬  МиксЧечня,Oct 03, 2018,0
🚬  WaxxTGK55,Oct 03, 2018,0
💊  xКрист,Oct 03, 2018,0
🚑  КрасныйЭльф,Oct 03, 2018,0
🚬  ШишАК49,Oct 03, 2018,0
💊  xДонПереньон,Oct 03, 2018,0
💊  FlashМетТаб,Oct 03, 2018,0
🖲  ДОБ,Oct 03, 2018,0
💊  FlashPillsMeth,Oct 03, 2018,0
💮  NBome,Oct 03, 2018,0
🚬  ШишТутанхамон,Oct 03, 2018,0
💊  xМДМС,Oct 03, 2018,0
💊  МДА,Oct 03, 2018,0
😻  Меф,Oct 03, 2018,0
😻  БелыйМеф,Oct 03, 2018,0
🚬  ШишУембли,Oct 03, 2018,0
💊  xКиткат,Oct 03, 2018,0
🚑  АльфачЖелтый,Oct 03, 2018,0
💊  xVersace,Oct 03, 2018,0
🚬  БитоеШиш,Oct 03, 2018,0
🚬  КабулЭкспресс,Oct 03, 2018,0
💊  xQDANCE,Oct 03, 2018,0
🍙  Кетамин,Oct 03, 2018,0
💊  xEtherum,Oct 03, 2018,0
⛄  Анфер,Oct 04, 2018,0
🖲  LCD,Oct 04, 2018,0
🚑  ЗеленыйЭльф,Oct 04, 2018,0
🚑  СинийЭльф,Oct 04, 2018,0
💊  Ferrari,Oct 04, 2018,0
🚬  МиксЧечня,Oct 04, 2018,0
🚬  WaxxTGK55,Oct 04, 2018,0
💊  xКрист,Oct 04, 2018,0
🚑  КрасныйЭльф,Oct 04, 2018,0
🚬  ШишАК49,Oct 04, 2018,0
💊  xДонПереньон,Oct 04, 2018,0
💊  FlashМетТаб,Oct 04, 2018,0
🖲  ДОБ,Oct 04, 2018,0
💊  FlashPillsMeth,Oct 04, 2018,0
💮  NBome,Oct 04, 2018,0
🚬  ШишТутанхамон,Oct 04, 2018,0
💊  xМДМС,Oct 04, 2018,0
💊  МДА,Oct 04, 2018,0
😻  Меф,Oct 04, 2018,0
😻  БелыйМеф,Oct 04, 2018,0
🚬  ШишУембли,Oct 04, 2018,0
💊  xКиткат,Oct 04, 2018,0
🚑  АльфачЖелтый,Oct 04, 2018,0
💊  xVersace,Oct 04, 2018,0
🚬  БитоеШиш,Oct 04, 2018,0
🚬  КабулЭкспресс,Oct 04, 2018,0
💊  xQDANCE,Oct 04, 2018,0
🍙  Кетамин,Oct 04, 2018,0
💊  xEtherum,Oct 04, 2018,0
⛄  Анфер,Oct 05, 2018,0
🖲  LCD,Oct 05, 2018,0
🚑  ЗеленыйЭльф,Oct 05, 2018,0
🚑  СинийЭльф,Oct 05, 2018,0
💊  Ferrari,Oct 05, 2018,0
🚬  МиксЧечня,Oct 05, 2018,0
🚬  WaxxTGK55,Oct 05, 2018,0
💊  xКрист,Oct 05, 2018,0
🚑  КрасныйЭльф,Oct 05, 2018,0
🚬  ШишАК49,Oct 05, 2018,0
💊  xДонПереньон,Oct 05, 2018,0
💊  FlashМетТаб,Oct 05, 2018,0
🖲  ДОБ,Oct 05, 2018,0
💊  FlashPillsMeth,Oct 05, 2018,0
💮  NBome,Oct 05, 2018,0
🚬  ШишТутанхамон,Oct 05, 2018,0
💊  xМДМС,Oct 05, 2018,0
💊  МДА,Oct 05, 2018,0
😻  Меф,Oct 05, 2018,0
😻  БелыйМеф,Oct 05, 2018,0
🚬  ШишУембли,Oct 05, 2018,0
💊  xКиткат,Oct 05, 2018,0
🚑  АльфачЖелтый,Oct 05, 2018,0
💊  xVersace,Oct 05, 2018,0
🚬  БитоеШиш,Oct 05, 2018,0
🚬  КабулЭкспресс,Oct 05, 2018,0
💊  xQDANCE,Oct 05, 2018,0
🍙  Кетамин,Oct 05, 2018,0
💊  xEtherum,Oct 05, 2018,0
⛄  Анфер,Oct 06, 2018,0
🖲  LCD,Oct 06, 2018,0
🚑  ЗеленыйЭльф,Oct 06, 2018,0
🚑  СинийЭльф,Oct 06, 2018,0
💊  Ferrari,Oct 06, 2018,0
🚬  МиксЧечня,Oct 06, 2018,0
🚬  WaxxTGK55,Oct 06, 2018,0
💊  xКрист,Oct 06, 2018,0
🚑  КрасныйЭльф,Oct 06, 2018,0
🚬  ШишАК49,Oct 06, 2018,0
💊  xДонПереньон,Oct 06, 2018,0
💊  FlashМетТаб,Oct 06, 2018,0
🖲  ДОБ,Oct 06, 2018,0
💊  FlashPillsMeth,Oct 06, 2018,0
💮  NBome,Oct 06, 2018,0
🚬  ШишТутанхамон,Oct 06, 2018,0
💊  xМДМС,Oct 06, 2018,0
💊  МДА,Oct 06, 2018,0
😻  Меф,Oct 06, 2018,0
😻  БелыйМеф,Oct 06, 2018,0
🚬  ШишУембли,Oct 06, 2018,0
💊  xКиткат,Oct 06, 2018,0
🚑  АльфачЖелтый,Oct 06, 2018,0
💊  xVersace,Oct 06, 2018,0
🚬  БитоеШиш,Oct 06, 2018,0
🚬  КабулЭкспресс,Oct 06, 2018,0
💊  xQDANCE,Oct 06, 2018,0
🍙  Кетамин,Oct 06, 2018,0
💊  xEtherum,Oct 06, 2018,0
⛄  Анфер,Oct 07, 2018,0
🖲  LCD,Oct 07, 2018,0
🚑  ЗеленыйЭльф,Oct 07, 2018,0
🚑  СинийЭльф,Oct 07, 2018,0
💊  Ferrari,Oct 07, 2018,0
🚬  МиксЧечня,Oct 07, 2018,0
🚬  WaxxTGK55,Oct 07, 2018,0
💊  xКрист,Oct 07, 2018,0
🚑  КрасныйЭльф,Oct 07, 2018,0
🚬  ШишАК49,Oct 07, 2018,0
💊  xДонПереньон,Oct 07, 2018,0
💊  FlashМетТаб,Oct 07, 2018,0
🖲  ДОБ,Oct 07, 2018,0
💊  FlashPillsMeth,Oct 07, 2018,0
💮  NBome,Oct 07, 2018,0
🚬  ШишТутанхамон,Oct 07, 2018,0
💊  xМДМС,Oct 07, 2018,0
💊  МДА,Oct 07, 2018,0
😻  Меф,Oct 07, 2018,0
😻  БелыйМеф,Oct 07, 2018,0
🚬  ШишУембли,Oct 07, 2018,0
💊  xКиткат,Oct 07, 2018,0
🚑  АльфачЖелтый,Oct 07, 2018,0
💊  xVersace,Oct 07, 2018,0
🚬  БитоеШиш,Oct 07, 2018,0
🚬  КабулЭкспресс,Oct 07, 2018,0
💊  xQDANCE,Oct 07, 2018,0
🍙  Кетамин,Oct 07, 2018,0
💊  xEtherum,Oct 07, 2018,0
⛄  Анфер,Oct 08, 2018,0
🖲  LCD,Oct 08, 2018,0
🚑  ЗеленыйЭльф,Oct 08, 2018,0
🚑  СинийЭльф,Oct 08, 2018,0
💊  Ferrari,Oct 08, 2018,0
🚬  МиксЧечня,Oct 08, 2018,0
🚬  WaxxTGK55,Oct 08, 2018,0
💊  xКрист,Oct 08, 2018,0
🚑  КрасныйЭльф,Oct 08, 2018,0
🚬  ШишАК49,Oct 08, 2018,0
💊  xДонПереньон,Oct 08, 2018,0
💊  FlashМетТаб,Oct 08, 2018,0
🖲  ДОБ,Oct 08, 2018,0
💊  FlashPillsMeth,Oct 08, 2018,0
💮  NBome,Oct 08, 2018,0
🚬  ШишТутанхамон,Oct 08, 2018,0
💊  xМДМС,Oct 08, 2018,0
💊  МДА,Oct 08, 2018,0
😻  Меф,Oct 08, 2018,0
😻  БелыйМеф,Oct 08, 2018,0
🚬  ШишУембли,Oct 08, 2018,0
💊  xКиткат,Oct 08, 2018,0
🚑  АльфачЖелтый,Oct 08, 2018,0
💊  xVersace,Oct 08, 2018,0
🚬  БитоеШиш,Oct 08, 2018,0
🚬  КабулЭкспресс,Oct 08, 2018,0
💊  xQDANCE,Oct 08, 2018,0
🍙  Кетамин,Oct 08, 2018,0
💊  xEtherum,Oct 08, 2018,0
⛄  Анфер,Oct 09, 2018,0
🖲  LCD,Oct 09, 2018,0
🚑  ЗеленыйЭльф,Oct 09, 2018,0
🚑  СинийЭльф,Oct 09, 2018,0
💊  Ferrari,Oct 09, 2018,0
🚬  МиксЧечня,Oct 09, 2018,0
🚬  WaxxTGK55,Oct 09, 2018,0
💊  xКрист,Oct 09, 2018,0
🚑  КрасныйЭльф,Oct 09, 2018,0
🚬  ШишАК49,Oct 09, 2018,0
💊  xДонПереньон,Oct 09, 2018,0
💊  FlashМетТаб,Oct 09, 2018,0
🖲  ДОБ,Oct 09, 2018,0
💊  FlashPillsMeth,Oct 09, 2018,0
💮  NBome,Oct 09, 2018,0
🚬  ШишТутанхамон,Oct 09, 2018,0
💊  xМДМС,Oct 09, 2018,0
💊  МДА,Oct 09, 2018,0
😻  Меф,Oct 09, 2018,0
😻  БелыйМеф,Oct 09, 2018,0
🚬  ШишУембли,Oct 09, 2018,0
💊  xКиткат,Oct 09, 2018,0
🚑  АльфачЖелтый,Oct 09, 2018,0
💊  xVersace,Oct 09, 2018,0
🚬  БитоеШиш,Oct 09, 2018,0
🚬  КабулЭкспресс,Oct 09, 2018,0
💊  xQDANCE,Oct 09, 2018,0
🍙  Кетамин,Oct 09, 2018,0
💊  xEtherum,Oct 09, 2018,0
⛄  Анфер,Oct 10, 2018,0
🖲  LCD,Oct 10, 2018,0
🚑  ЗеленыйЭльф,Oct 10, 2018,0
🚑  СинийЭльф,Oct 10, 2018,0
💊  Ferrari,Oct 10, 2018,0
🚬  МиксЧечня,Oct 10, 2018,0
🚬  WaxxTGK55,Oct 10, 2018,0
💊  xКрист,Oct 10, 2018,0
🚑  КрасныйЭльф,Oct 10, 2018,0
🚬  ШишАК49,Oct 10, 2018,0
💊  xДонПереньон,Oct 10, 2018,0
💊  FlashМетТаб,Oct 10, 2018,0
🖲  ДОБ,Oct 10, 2018,0
💊  FlashPillsMeth,Oct 10, 2018,0
💮  NBome,Oct 10, 2018,0
🚬  ШишТутанхамон,Oct 10, 2018,0
💊  xМДМС,Oct 10, 2018,0
💊  МДА,Oct 10, 2018,0
😻  Меф,Oct 10, 2018,0
😻  БелыйМеф,Oct 10, 2018,0
🚬  ШишУембли,Oct 10, 2018,0
💊  xКиткат,Oct 10, 2018,0
🚑  АльфачЖелтый,Oct 10, 2018,0
💊  xVersace,Oct 10, 2018,0
🚬  БитоеШиш,Oct 10, 2018,0
🚬  КабулЭкспресс,Oct 10, 2018,0
💊  xQDANCE,Oct 10, 2018,0
🍙  Кетамин,Oct 10, 2018,0
💊  xEtherum,Oct 10, 2018,0
⛄  Анфер,Oct 11, 2018,0
🖲  LCD,Oct 11, 2018,0
🚑  ЗеленыйЭльф,Oct 11, 2018,0
🚑  СинийЭльф,Oct 11, 2018,0
💊  Ferrari,Oct 11, 2018,0
🚬  МиксЧечня,Oct 11, 2018,0
🚬  WaxxTGK55,Oct 11, 2018,0
💊  xКрист,Oct 11, 2018,0
🚑  КрасныйЭльф,Oct 11, 2018,0
🚬  ШишАК49,Oct 11, 2018,0
💊  xДонПереньон,Oct 11, 2018,0
💊  FlashМетТаб,Oct 11, 2018,0
🖲  ДОБ,Oct 11, 2018,0
💊  FlashPillsMeth,Oct 11, 2018,0
💮  NBome,Oct 11, 2018,0
🚬  ШишТутанхамон,Oct 11, 2018,0
💊  xМДМС,Oct 11, 2018,0
💊  МДА,Oct 11, 2018,0
😻  Меф,Oct 11, 2018,0
😻  БелыйМеф,Oct 11, 2018,0
🚬  ШишУембли,Oct 11, 2018,0
💊  xКиткат,Oct 11, 2018,0
🚑  АльфачЖелтый,Oct 11, 2018,0
💊  xVersace,Oct 11, 2018,0
🚬  БитоеШиш,Oct 11, 2018,0
🚬  КабулЭкспресс,Oct 11, 2018,0
💊  xQDANCE,Oct 11, 2018,0
🍙  Кетамин,Oct 11, 2018,0
💊  xEtherum,Oct 11, 2018,0
⛄  Анфер,Oct 12, 2018,0
🖲  LCD,Oct 12, 2018,0
🚑  ЗеленыйЭльф,Oct 12, 2018,0
🚑  СинийЭльф,Oct 12, 2018,0
💊  Ferrari,Oct 12, 2018,0
🚬  МиксЧечня,Oct 12, 2018,0
🚬  WaxxTGK55,Oct 12, 2018,0
💊  xКрист,Oct 12, 2018,0
🚑  КрасныйЭльф,Oct 12, 2018,0
🚬  ШишАК49,Oct 12, 2018,0
💊  xДонПереньон,Oct 12, 2018,0
💊  FlashМетТаб,Oct 12, 2018,0
🖲  ДОБ,Oct 12, 2018,0
💊  FlashPillsMeth,Oct 12, 2018,0
💮  NBome,Oct 12, 2018,0
🚬  ШишТутанхамон,Oct 12, 2018,0
💊  xМДМС,Oct 12, 2018,0
💊  МДА,Oct 12, 2018,0
😻  Меф,Oct 12, 2018,0
😻  БелыйМеф,Oct 12, 2018,0
🚬  ШишУембли,Oct 12, 2018,0
💊  xКиткат,Oct 12, 2018,0
🚑  АльфачЖелтый,Oct 12, 2018,0
💊  xVersace,Oct 12, 2018,0
🚬  БитоеШиш,Oct 12, 2018,0
🚬  КабулЭкспресс,Oct 12, 2018,0
💊  xQDANCE,Oct 12, 2018,0
🍙  Кетамин,Oct 12, 2018,0
💊  xEtherum,Oct 12, 2018,0
⛄  Анфер,Oct 13, 2018,0
🖲  LCD,Oct 13, 2018,0
🚑  ЗеленыйЭльф,Oct 13, 2018,0
🚑  СинийЭльф,Oct 13, 2018,0
💊  Ferrari,Oct 13, 2018,0
🚬  МиксЧечня,Oct 13, 2018,0
🚬  WaxxTGK55,Oct 13, 2018,0
💊  xКрист,Oct 13, 2018,0
🚑  КрасныйЭльф,Oct 13, 2018,0
🚬  ШишАК49,Oct 13, 2018,0
💊  xДонПереньон,Oct 13, 2018,0
💊  FlashМетТаб,Oct 13, 2018,0
🖲  ДОБ,Oct 13, 2018,0
💊  FlashPillsMeth,Oct 13, 2018,0
💮  NBome,Oct 13, 2018,0
🚬  ШишТутанхамон,Oct 13, 2018,0
💊  xМДМС,Oct 13, 2018,0
💊  МДА,Oct 13, 2018,0
😻  Меф,Oct 13, 2018,0
😻  БелыйМеф,Oct 13, 2018,0
🚬  ШишУембли,Oct 13, 2018,0
💊  xКиткат,Oct 13, 2018,0
🚑  АльфачЖелтый,Oct 13, 2018,0
💊  xVersace,Oct 13, 2018,0
🚬  БитоеШиш,Oct 13, 2018,0
🚬  КабулЭкспресс,Oct 13, 2018,0
💊  xQDANCE,Oct 13, 2018,0
🍙  Кетамин,Oct 13, 2018,0
💊  xEtherum,Oct 13, 2018,0
⛄  Анфер,Oct 14, 2018,0
🖲  LCD,Oct 14, 2018,0
🚑  ЗеленыйЭльф,Oct 14, 2018,0
🚑  СинийЭльф,Oct 14, 2018,0
💊  Ferrari,Oct 14, 2018,0
🚬  МиксЧечня,Oct 14, 2018,0
🚬  WaxxTGK55,Oct 14, 2018,0
💊  xКрист,Oct 14, 2018,0
🚑  КрасныйЭльф,Oct 14, 2018,0
🚬  ШишАК49,Oct 14, 2018,0
💊  xДонПереньон,Oct 14, 2018,0
💊  FlashМетТаб,Oct 14, 2018,0
🖲  ДОБ,Oct 14, 2018,0
💊  FlashPillsMeth,Oct 14, 2018,0
💮  NBome,Oct 14, 2018,0
🚬  ШишТутанхамон,Oct 14, 2018,0
💊  xМДМС,Oct 14, 2018,0
💊  МДА,Oct 14, 2018,0
😻  Меф,Oct 14, 2018,0
😻  БелыйМеф,Oct 14, 2018,0
🚬  ШишУембли,Oct 14, 2018,0
💊  xКиткат,Oct 14, 2018,0
🚑  АльфачЖелтый,Oct 14, 2018,0
💊  xVersace,Oct 14, 2018,0
🚬  БитоеШиш,Oct 14, 2018,0
🚬  КабулЭкспресс,Oct 14, 2018,0
💊  xQDANCE,Oct 14, 2018,0
🍙  Кетамин,Oct 14, 2018,0
💊  xEtherum,Oct 14, 2018,0
⛄  Анфер,Oct 15, 2018,0
🖲  LCD,Oct 15, 2018,0
🚑  ЗеленыйЭльф,Oct 15, 2018,0
🚑  СинийЭльф,Oct 15, 2018,0
💊  Ferrari,Oct 15, 2018,0
🚬  МиксЧечня,Oct 15, 2018,0
🚬  WaxxTGK55,Oct 15, 2018,0
💊  xКрист,Oct 15, 2018,0
🚑  КрасныйЭльф,Oct 15, 2018,0
🚬  ШишАК49,Oct 15, 2018,0
💊  xДонПереньон,Oct 15, 2018,0
💊  FlashМетТаб,Oct 15, 2018,0
🖲  ДОБ,Oct 15, 2018,0
💊  FlashPillsMeth,Oct 15, 2018,0
💮  NBome,Oct 15, 2018,0
🚬  ШишТутанхамон,Oct 15, 2018,0
💊  xМДМС,Oct 15, 2018,0
💊  МДА,Oct 15, 2018,0
😻  Меф,Oct 15, 2018,0
😻  БелыйМеф,Oct 15, 2018,0
🚬  ШишУембли,Oct 15, 2018,0
💊  xКиткат,Oct 15, 2018,0
🚑  АльфачЖелтый,Oct 15, 2018,0
💊  xVersace,Oct 15, 2018,0
🚬  БитоеШиш,Oct 15, 2018,0
🚬  КабулЭкспресс,Oct 15, 2018,0
💊  xQDANCE,Oct 15, 2018,0
🍙  Кетамин,Oct 15, 2018,0
💊  xEtherum,Oct 15, 2018,0
⛄  Анфер,Oct 16, 2018,0
🖲  LCD,Oct 16, 2018,0
🚑  ЗеленыйЭльф,Oct 16, 2018,0
🚑  СинийЭльф,Oct 16, 2018,0
💊  Ferrari,Oct 16, 2018,0
🚬  МиксЧечня,Oct 16, 2018,0
🚬  WaxxTGK55,Oct 16, 2018,0
💊  xКрист,Oct 16, 2018,0
🚑  КрасныйЭльф,Oct 16, 2018,0
🚬  ШишАК49,Oct 16, 2018,0
💊  xДонПереньон,Oct 16, 2018,0
💊  FlashМетТаб,Oct 16, 2018,0
🖲  ДОБ,Oct 16, 2018,0
💊  FlashPillsMeth,Oct 16, 2018,0
💮  NBome,Oct 16, 2018,0
🚬  ШишТутанхамон,Oct 16, 2018,0
💊  xМДМС,Oct 16, 2018,0
💊  МДА,Oct 16, 2018,0
😻  Меф,Oct 16, 2018,0
😻  БелыйМеф,Oct 16, 2018,0
🚬  ШишУембли,Oct 16, 2018,0
💊  xКиткат,Oct 16, 2018,0
🚑  АльфачЖелтый,Oct 16, 2018,0
💊  xVersace,Oct 16, 2018,0
🚬  БитоеШиш,Oct 16, 2018,0
🚬  КабулЭкспресс,Oct 16, 2018,0
💊  xQDANCE,Oct 16, 2018,0
🍙  Кетамин,Oct 16, 2018,0
💊  xEtherum,Oct 16, 2018,0
⛄  Анфер,Oct 17, 2018,0
🖲  LCD,Oct 17, 2018,0
🚑  ЗеленыйЭльф,Oct 17, 2018,0
🚑  СинийЭльф,Oct 17, 2018,0
💊  Ferrari,Oct 17, 2018,0
🚬  МиксЧечня,Oct 17, 2018,0
🚬  WaxxTGK55,Oct 17, 2018,0
💊  xКрист,Oct 17, 2018,0
🚑  КрасныйЭльф,Oct 17, 2018,0
🚬  ШишАК49,Oct 17, 2018,0
💊  xДонПереньон,Oct 17, 2018,0
💊  FlashМетТаб,Oct 17, 2018,0
🖲  ДОБ,Oct 17, 2018,0
💊  FlashPillsMeth,Oct 17, 2018,0
💮  NBome,Oct 17, 2018,0
🚬  ШишТутанхамон,Oct 17, 2018,0
💊  xМДМС,Oct 17, 2018,0
💊  МДА,Oct 17, 2018,0
😻  Меф,Oct 17, 2018,0
😻  БелыйМеф,Oct 17, 2018,0
🚬  ШишУембли,Oct 17, 2018,0
💊  xКиткат,Oct 17, 2018,0
🚑  АльфачЖелтый,Oct 17, 2018,0
💊  xVersace,Oct 17, 2018,0
🚬  БитоеШиш,Oct 17, 2018,0
🚬  КабулЭкспресс,Oct 17, 2018,0
💊  xQDANCE,Oct 17, 2018,0
🍙  Кетамин,Oct 17, 2018,0
💊  xEtherum,Oct 17, 2018,0
⛄  Анфер,Oct 18, 2018,0
🖲  LCD,Oct 18, 2018,0
🚑  ЗеленыйЭльф,Oct 18, 2018,0
🚑  СинийЭльф,Oct 18, 2018,0
💊  Ferrari,Oct 18, 2018,0
🚬  МиксЧечня,Oct 18, 2018,0
🚬  WaxxTGK55,Oct 18, 2018,0
💊  xКрист,Oct 18, 2018,0
🚑  КрасныйЭльф,Oct 18, 2018,0
🚬  ШишАК49,Oct 18, 2018,0
💊  xДонПереньон,Oct 18, 2018,0
💊  FlashМетТаб,Oct 18, 2018,0
🖲  ДОБ,Oct 18, 2018,0
💊  FlashPillsMeth,Oct 18, 2018,0
💮  NBome,Oct 18, 2018,0
🚬  ШишТутанхамон,Oct 18, 2018,0
💊  xМДМС,Oct 18, 2018,0
💊  МДА,Oct 18, 2018,0
😻  Меф,Oct 18, 2018,0
😻  БелыйМеф,Oct 18, 2018,0
🚬  ШишУембли,Oct 18, 2018,0
💊  xКиткат,Oct 18, 2018,0
🚑  АльфачЖелтый,Oct 18, 2018,0
💊  xVersace,Oct 18, 2018,0
🚬  БитоеШиш,Oct 18, 2018,0
🚬  КабулЭкспресс,Oct 18, 2018,0
💊  xQDANCE,Oct 18, 2018,0
🍙  Кетамин,Oct 18, 2018,0
💊  xEtherum,Oct 18, 2018,0
⛄  Анфер,Oct 19, 2018,0
🖲  LCD,Oct 19, 2018,0
🚑  ЗеленыйЭльф,Oct 19, 2018,0
🚑  СинийЭльф,Oct 19, 2018,0
💊  Ferrari,Oct 19, 2018,0
🚬  МиксЧечня,Oct 19, 2018,0
🚬  WaxxTGK55,Oct 19, 2018,0
💊  xКрист,Oct 19, 2018,0
🚑  КрасныйЭльф,Oct 19, 2018,0
🚬  ШишАК49,Oct 19, 2018,0
💊  xДонПереньон,Oct 19, 2018,0
💊  FlashМетТаб,Oct 19, 2018,0
🖲  ДОБ,Oct 19, 2018,0
💊  FlashPillsMeth,Oct 19, 2018,0
💮  NBome,Oct 19, 2018,0
🚬  ШишТутанхамон,Oct 19, 2018,0
💊  xМДМС,Oct 19, 2018,0
💊  МДА,Oct 19, 2018,0
😻  Меф,Oct 19, 2018,0
😻  БелыйМеф,Oct 19, 2018,0
🚬  ШишУембли,Oct 19, 2018,0
💊  xКиткат,Oct 19, 2018,0
🚑  АльфачЖелтый,Oct 19, 2018,0
💊  xVersace,Oct 19, 2018,0
🚬  БитоеШиш,Oct 19, 2018,0
🚬  КабулЭкспресс,Oct 19, 2018,0
💊  xQDANCE,Oct 19, 2018,0
🍙  Кетамин,Oct 19, 2018,0
💊  xEtherum,Oct 19, 2018,0
⛄  Анфер,Oct 20, 2018,0
🖲  LCD,Oct 20, 2018,0
🚑  ЗеленыйЭльф,Oct 20, 2018,0
🚑  СинийЭльф,Oct 20, 2018,0
💊  Ferrari,Oct 20, 2018,0
🚬  МиксЧечня,Oct 20, 2018,0
🚬  WaxxTGK55,Oct 20, 2018,0
💊  xКрист,Oct 20, 2018,0
🚑  КрасныйЭльф,Oct 20, 2018,0
🚬  ШишАК49,Oct 20, 2018,0
💊  xДонПереньон,Oct 20, 2018,0
💊  FlashМетТаб,Oct 20, 2018,0
🖲  ДОБ,Oct 20, 2018,0
💊  FlashPillsMeth,Oct 20, 2018,0
💮  NBome,Oct 20, 2018,0
🚬  ШишТутанхамон,Oct 20, 2018,0
💊  xМДМС,Oct 20, 2018,0
💊  МДА,Oct 20, 2018,0
😻  Меф,Oct 20, 2018,0
😻  БелыйМеф,Oct 20, 2018,0
🚬  ШишУембли,Oct 20, 2018,0
💊  xКиткат,Oct 20, 2018,0
🚑  АльфачЖелтый,Oct 20, 2018,0
💊  xVersace,Oct 20, 2018,0
🚬  БитоеШиш,Oct 20, 2018,0
🚬  КабулЭкспресс,Oct 20, 2018,0
💊  xQDANCE,Oct 20, 2018,0
🍙  Кетамин,Oct 20, 2018,0
💊  xEtherum,Oct 20, 2018,0
⛄  Анфер,Oct 21, 2018,0
🖲  LCD,Oct 21, 2018,0
🚑  ЗеленыйЭльф,Oct 21, 2018,0
🚑  СинийЭльф,Oct 21, 2018,0
💊  Ferrari,Oct 21, 2018,0
🚬  МиксЧечня,Oct 21, 2018,0
🚬  WaxxTGK55,Oct 21, 2018,0
💊  xКрист,Oct 21, 2018,0
🚑  КрасныйЭльф,Oct 21, 2018,0
🚬  ШишАК49,Oct 21, 2018,0
💊  xДонПереньон,Oct 21, 2018,0
💊  FlashМетТаб,Oct 21, 2018,0
🖲  ДОБ,Oct 21, 2018,0
💊  FlashPillsMeth,Oct 21, 2018,0
💮  NBome,Oct 21, 2018,0
🚬  ШишТутанхамон,Oct 21, 2018,0
💊  xМДМС,Oct 21, 2018,0
💊  МДА,Oct 21, 2018,0
😻  Меф,Oct 21, 2018,0
😻  БелыйМеф,Oct 21, 2018,0
🚬  ШишУембли,Oct 21, 2018,0
💊  xКиткат,Oct 21, 2018,0
🚑  АльфачЖелтый,Oct 21, 2018,0
💊  xVersace,Oct 21, 2018,0
🚬  БитоеШиш,Oct 21, 2018,0
🚬  КабулЭкспресс,Oct 21, 2018,0
💊  xQDANCE,Oct 21, 2018,0
🍙  Кетамин,Oct 21, 2018,0
💊  xEtherum,Oct 21, 2018,0
⛄  Анфер,Oct 22, 2018,0
🖲  LCD,Oct 22, 2018,0
🚑  ЗеленыйЭльф,Oct 22, 2018,0
🚑  СинийЭльф,Oct 22, 2018,0
💊  Ferrari,Oct 22, 2018,0
🚬  МиксЧечня,Oct 22, 2018,0
🚬  WaxxTGK55,Oct 22, 2018,0
💊  xКрист,Oct 22, 2018,0
🚑  КрасныйЭльф,Oct 22, 2018,0
🚬  ШишАК49,Oct 22, 2018,0
💊  xДонПереньон,Oct 22, 2018,0
💊  FlashМетТаб,Oct 22, 2018,0
🖲  ДОБ,Oct 22, 2018,0
💊  FlashPillsMeth,Oct 22, 2018,0
💮  NBome,Oct 22, 2018,0
🚬  ШишТутанхамон,Oct 22, 2018,0
💊  xМДМС,Oct 22, 2018,0
💊  МДА,Oct 22, 2018,0
😻  Меф,Oct 22, 2018,0
😻  БелыйМеф,Oct 22, 2018,0
🚬  ШишУембли,Oct 22, 2018,0
💊  xКиткат,Oct 22, 2018,0
🚑  АльфачЖелтый,Oct 22, 2018,0
💊  xVersace,Oct 22, 2018,0
🚬  БитоеШиш,Oct 22, 2018,0
🚬  КабулЭкспресс,Oct 22, 2018,0
💊  xQDANCE,Oct 22, 2018,0
🍙  Кетамин,Oct 22, 2018,0
💊  xEtherum,Oct 22, 2018,0
⛄  Анфер,Oct 23, 2018,0
🖲  LCD,Oct 23, 2018,0
🚑  ЗеленыйЭльф,Oct 23, 2018,0
🚑  СинийЭльф,Oct 23, 2018,0
💊  Ferrari,Oct 23, 2018,0
🚬  МиксЧечня,Oct 23, 2018,0
🚬  WaxxTGK55,Oct 23, 2018,0
💊  xКрист,Oct 23, 2018,0
🚑  КрасныйЭльф,Oct 23, 2018,0
🚬  ШишАК49,Oct 23, 2018,0
💊  xДонПереньон,Oct 23, 2018,0
💊  FlashМетТаб,Oct 23, 2018,0
🖲  ДОБ,Oct 23, 2018,0
💊  FlashPillsMeth,Oct 23, 2018,0
💮  NBome,Oct 23, 2018,0
🚬  ШишТутанхамон,Oct 23, 2018,0
💊  xМДМС,Oct 23, 2018,0
💊  МДА,Oct 23, 2018,0
😻  Меф,Oct 23, 2018,0
😻  БелыйМеф,Oct 23, 2018,0
🚬  ШишУембли,Oct 23, 2018,0
💊  xКиткат,Oct 23, 2018,0
🚑  АльфачЖелтый,Oct 23, 2018,0
💊  xVersace,Oct 23, 2018,0
🚬  БитоеШиш,Oct 23, 2018,0
🚬  КабулЭкспресс,Oct 23, 2018,0
💊  xQDANCE,Oct 23, 2018,0
🍙  Кетамин,Oct 23, 2018,0
💊  xEtherum,Oct 23, 2018,0
⛄  Анфер,Oct 24, 2018,0
🖲  LCD,Oct 24, 2018,0
🚑  ЗеленыйЭльф,Oct 24, 2018,0
🚑  СинийЭльф,Oct 24, 2018,0
💊  Ferrari,Oct 24, 2018,0
🚬  МиксЧечня,Oct 24, 2018,0
🚬  WaxxTGK55,Oct 24, 2018,0
💊  xКрист,Oct 24, 2018,0
🚑  КрасныйЭльф,Oct 24, 2018,0
🚬  ШишАК49,Oct 24, 2018,0
💊  xДонПереньон,Oct 24, 2018,0
💊  FlashМетТаб,Oct 24, 2018,0
🖲  ДОБ,Oct 24, 2018,0
💊  FlashPillsMeth,Oct 24, 2018,0
💮  NBome,Oct 24, 2018,0
🚬  ШишТутанхамон,Oct 24, 2018,0
💊  xМДМС,Oct 24, 2018,0
💊  МДА,Oct 24, 2018,0
😻  Меф,Oct 24, 2018,0
😻  БелыйМеф,Oct 24, 2018,0
🚬  ШишУембли,Oct 24, 2018,0
💊  xКиткат,Oct 24, 2018,0
🚑  АльфачЖелтый,Oct 24, 2018,0
💊  xVersace,Oct 24, 2018,0
🚬  БитоеШиш,Oct 24, 2018,0
🚬  КабулЭкспресс,Oct 24, 2018,0
💊  xQDANCE,Oct 24, 2018,0
🍙  Кетамин,Oct 24, 2018,0
💊  xEtherum,Oct 24, 2018,0
⛄  Анфер,Oct 25, 2018,0
🖲  LCD,Oct 25, 2018,0
🚑  ЗеленыйЭльф,Oct 25, 2018,0
🚑  СинийЭльф,Oct 25, 2018,0
💊  Ferrari,Oct 25, 2018,0
🚬  МиксЧечня,Oct 25, 2018,0
🚬  WaxxTGK55,Oct 25, 2018,0
💊  xКрист,Oct 25, 2018,0
🚑  КрасныйЭльф,Oct 25, 2018,0
🚬  ШишАК49,Oct 25, 2018,0
💊  xДонПереньон,Oct 25, 2018,0
💊  FlashМетТаб,Oct 25, 2018,0
🖲  ДОБ,Oct 25, 2018,0
💊  FlashPillsMeth,Oct 25, 2018,0
💮  NBome,Oct 25, 2018,0
🚬  ШишТутанхамон,Oct 25, 2018,0
💊  xМДМС,Oct 25, 2018,0
💊  МДА,Oct 25, 2018,0
😻  Меф,Oct 25, 2018,0
😻  БелыйМеф,Oct 25, 2018,0
🚬  ШишУембли,Oct 25, 2018,0
💊  xКиткат,Oct 25, 2018,0
🚑  АльфачЖелтый,Oct 25, 2018,0
💊  xVersace,Oct 25, 2018,0
🚬  БитоеШиш,Oct 25, 2018,0
🚬  КабулЭкспресс,Oct 25, 2018,0
💊  xQDANCE,Oct 25, 2018,0
🍙  Кетамин,Oct 25, 2018,0
💊  xEtherum,Oct 25, 2018,0
⛄  Анфер,Oct 26, 2018,0
🖲  LCD,Oct 26, 2018,0
🚑  ЗеленыйЭльф,Oct 26, 2018,0
🚑  СинийЭльф,Oct 26, 2018,0
💊  Ferrari,Oct 26, 2018,0
🚬  МиксЧечня,Oct 26, 2018,0
🚬  WaxxTGK55,Oct 26, 2018,0
💊  xКрист,Oct 26, 2018,0
🚑  КрасныйЭльф,Oct 26, 2018,0
🚬  ШишАК49,Oct 26, 2018,0
💊  xДонПереньон,Oct 26, 2018,0
💊  FlashМетТаб,Oct 26, 2018,0
🖲  ДОБ,Oct 26, 2018,0
💊  FlashPillsMeth,Oct 26, 2018,0
💮  NBome,Oct 26, 2018,0
🚬  ШишТутанхамон,Oct 26, 2018,0
💊  xМДМС,Oct 26, 2018,0
💊  МДА,Oct 26, 2018,0
😻  Меф,Oct 26, 2018,0
😻  БелыйМеф,Oct 26, 2018,0
🚬  ШишУембли,Oct 26, 2018,0
💊  xКиткат,Oct 26, 2018,0
🚑  АльфачЖелтый,Oct 26, 2018,0
💊  xVersace,Oct 26, 2018,0
🚬  БитоеШиш,Oct 26, 2018,0
🚬  КабулЭкспресс,Oct 26, 2018,0
💊  xQDANCE,Oct 26, 2018,0
🍙  Кетамин,Oct 26, 2018,0
💊  xEtherum,Oct 26, 2018,0
⛄  Анфер,Oct 27, 2018,0
🖲  LCD,Oct 27, 2018,0
🚑  ЗеленыйЭльф,Oct 27, 2018,0
🚑  СинийЭльф,Oct 27, 2018,0
💊  Ferrari,Oct 27, 2018,0
🚬  МиксЧечня,Oct 27, 2018,0
🚬  WaxxTGK55,Oct 27, 2018,0
💊  xКрист,Oct 27, 2018,0
🚑  КрасныйЭльф,Oct 27, 2018,0
🚬  ШишАК49,Oct 27, 2018,0
💊  xДонПереньон,Oct 27, 2018,0
💊  FlashМетТаб,Oct 27, 2018,0
🖲  ДОБ,Oct 27, 2018,0
💊  FlashPillsMeth,Oct 27, 2018,0
💮  NBome,Oct 27, 2018,0
🚬  ШишТутанхамон,Oct 27, 2018,0
💊  xМДМС,Oct 27, 2018,0
💊  МДА,Oct 27, 2018,0
😻  Меф,Oct 27, 2018,0
😻  БелыйМеф,Oct 27, 2018,0
🚬  ШишУембли,Oct 27, 2018,0
💊  xКиткат,Oct 27, 2018,0
🚑  АльфачЖелтый,Oct 27, 2018,0
💊  xVersace,Oct 27, 2018,0
🚬  БитоеШиш,Oct 27, 2018,0
🚬  КабулЭкспресс,Oct 27, 2018,0
💊  xQDANCE,Oct 27, 2018,0
🍙  Кетамин,Oct 27, 2018,0
💊  xEtherum,Oct 27, 2018,0
⛄  Анфер,Oct 28, 2018,0
🖲  LCD,Oct 28, 2018,0
🚑  ЗеленыйЭльф,Oct 28, 2018,0
🚑  СинийЭльф,Oct 28, 2018,0
💊  Ferrari,Oct 28, 2018,0
🚬  МиксЧечня,Oct 28, 2018,0
🚬  WaxxTGK55,Oct 28, 2018,0
💊  xКрист,Oct 28, 2018,0
🚑  КрасныйЭльф,Oct 28, 2018,0
🚬  ШишАК49,Oct 28, 2018,0
💊  xДонПереньон,Oct 28, 2018,0
💊  FlashМетТаб,Oct 28, 2018,0
🖲  ДОБ,Oct 28, 2018,0
💊  FlashPillsMeth,Oct 28, 2018,0
💮  NBome,Oct 28, 2018,0
🚬  ШишТутанхамон,Oct 28, 2018,0
💊  xМДМС,Oct 28, 2018,0
💊  МДА,Oct 28, 2018,0
😻  Меф,Oct 28, 2018,0
😻  БелыйМеф,Oct 28, 2018,0
🚬  ШишУембли,Oct 28, 2018,0
💊  xКиткат,Oct 28, 2018,0
🚑  АльфачЖелтый,Oct 28, 2018,0
💊  xVersace,Oct 28, 2018,0
🚬  БитоеШиш,Oct 28, 2018,0
🚬  КабулЭкспресс,Oct 28, 2018,0
💊  xQDANCE,Oct 28, 2018,0
🍙  Кетамин,Oct 28, 2018,0
💊  xEtherum,Oct 28, 2018,0
⛄  Анфер,Oct 29, 2018,0
🖲  LCD,Oct 29, 2018,0
🚑  ЗеленыйЭльф,Oct 29, 2018,0
🚑  СинийЭльф,Oct 29, 2018,0
💊  Ferrari,Oct 29, 2018,0
🚬  МиксЧечня,Oct 29, 2018,0
🚬  WaxxTGK55,Oct 29, 2018,0
💊  xКрист,Oct 29, 2018,0
🚑  КрасныйЭльф,Oct 29, 2018,0
🚬  ШишАК49,Oct 29, 2018,0
💊  xДонПереньон,Oct 29, 2018,0
💊  FlashМетТаб,Oct 29, 2018,0
🖲  ДОБ,Oct 29, 2018,0
💊  FlashPillsMeth,Oct 29, 2018,0
💮  NBome,Oct 29, 2018,0
🚬  ШишТутанхамон,Oct 29, 2018,0
💊  xМДМС,Oct 29, 2018,0
💊  МДА,Oct 29, 2018,0
😻  Меф,Oct 29, 2018,0
😻  БелыйМеф,Oct 29, 2018,0
🚬  ШишУембли,Oct 29, 2018,0
💊  xКиткат,Oct 29, 2018,0
🚑  АльфачЖелтый,Oct 29, 2018,0
💊  xVersace,Oct 29, 2018,0
🚬  БитоеШиш,Oct 29, 2018,0
🚬  КабулЭкспресс,Oct 29, 2018,0
💊  xQDANCE,Oct 29, 2018,0
🍙  Кетамин,Oct 29, 2018,0
💊  xEtherum,Oct 29, 2018,0
⛄  Анфер,Oct 30, 2018,0
🖲  LCD,Oct 30, 2018,0
🚑  ЗеленыйЭльф,Oct 30, 2018,0
🚑  СинийЭльф,Oct 30, 2018,0
💊  Ferrari,Oct 30, 2018,0
🚬  МиксЧечня,Oct 30, 2018,0
🚬  WaxxTGK55,Oct 30, 2018,0
💊  xКрист,Oct 30, 2018,0
🚑  КрасныйЭльф,Oct 30, 2018,0
🚬  ШишАК49,Oct 30, 2018,0
💊  xДонПереньон,Oct 30, 2018,0
💊  FlashМетТаб,Oct 30, 2018,0
🖲  ДОБ,Oct 30, 2018,0
💊  FlashPillsMeth,Oct 30, 2018,0
💮  NBome,Oct 30, 2018,0
🚬  ШишТутанхамон,Oct 30, 2018,0
💊  xМДМС,Oct 30, 2018,0
💊  МДА,Oct 30, 2018,0
😻  Меф,Oct 30, 2018,0
😻  БелыйМеф,Oct 30, 2018,0
🚬  ШишУембли,Oct 30, 2018,0
💊  xКиткат,Oct 30, 2018,0
🚑  АльфачЖелтый,Oct 30, 2018,0
💊  xVersace,Oct 30, 2018,0
🚬  БитоеШиш,Oct 30, 2018,0
🚬  КабулЭкспресс,Oct 30, 2018,0
💊  xQDANCE,Oct 30, 2018,0
🍙  Кетамин,Oct 30, 2018,0
💊  xEtherum,Oct 30, 2018,0
⛄  Анфер,Oct 31, 2018,0
🖲  LCD,Oct 31, 2018,0
🚑  ЗеленыйЭльф,Oct 31, 2018,0
🚑  СинийЭльф,Oct 31, 2018,0
💊  Ferrari,Oct 31, 2018,0
🚬  МиксЧечня,Oct 31, 2018,0
🚬  WaxxTGK55,Oct 31, 2018,0
💊  xКрист,Oct 31, 2018,0
🚑  КрасныйЭльф,Oct 31, 2018,0
🚬  ШишАК49,Oct 31, 2018,0
💊  xДонПереньон,Oct 31, 2018,0
💊  FlashМетТаб,Oct 31, 2018,0
🖲  ДОБ,Oct 31, 2018,0
💊  FlashPillsMeth,Oct 31, 2018,0
💮  NBome,Oct 31, 2018,0
🚬  ШишТутанхамон,Oct 31, 2018,0
💊  xМДМС,Oct 31, 2018,0
💊  МДА,Oct 31, 2018,0
😻  Меф,Oct 31, 2018,0
😻  БелыйМеф,Oct 31, 2018,0
🚬  ШишУембли,Oct 31, 2018,0
💊  xКиткат,Oct 31, 2018,0
🚑  АльфачЖелтый,Oct 31, 2018,0
💊  xVersace,Oct 31, 2018,0
🚬  БитоеШиш,Oct 31, 2018,0
🚬  КабулЭкспресс,Oct 31, 2018,0
💊  xQDANCE,Oct 31, 2018,0
🍙  Кетамин,Oct 31, 2018,0
💊  xEtherum,Oct 31, 2018,0
