product,date,sales
⛄  Анфер,Oct 01, 2018,0
🍀  Шишке,Oct 01, 2018,0
🚬  Специи,Oct 01, 2018,0
🚑  Альфач,Oct 01, 2018,0
🚑  ЗеленыйЭльф,Oct 01, 2018,0
🚑  СинийЭльф,Oct 01, 2018,0
🚑  Метс-рац,Oct 01, 2018,0
💊  Кола,Oct 01, 2018,0
💊  Ferrari,Oct 01, 2018,0
⛄  АнфРозовый,Oct 01, 2018,0
🚬  ШишБигДевил,Oct 01, 2018,0
🚑  СКСиниеКрис,Oct 01, 2018,0
🚑  АльфачЖелтый,Oct 01, 2018,0
🚑  АльфачФиолетовый,Oct 01, 2018,0
💊  xVersace,Oct 01, 2018,0
🚬  БитоеШиш,Oct 01, 2018,0
🚑  СКЖелтыйКрис,Oct 01, 2018,0
🚑  АльфачБелый,Oct 01, 2018,0
🚬  Сканк24Т,Oct 01, 2018,0
🚑  СККрасныйКрис,Oct 01, 2018,0
🚬  БитыеШишПлан,Oct 01, 2018,0
⛄  Анфер,Oct 02, 2018,0
🍀  Шишке,Oct 02, 2018,0
🚬  Специи,Oct 02, 2018,0
🚑  Альфач,Oct 02, 2018,0
🚑  ЗеленыйЭльф,Oct 02, 2018,0
🚑  СинийЭльф,Oct 02, 2018,0
🚑  Метс-рац,Oct 02, 2018,0
💊  Кола,Oct 02, 2018,0
💊  Ferrari,Oct 02, 2018,0
⛄  АнфРозовый,Oct 02, 2018,0
🚬  ШишБигДевил,Oct 02, 2018,0
🚑  СКСиниеКрис,Oct 02, 2018,0
🚑  АльфачЖелтый,Oct 02, 2018,0
🚑  АльфачФиолетовый,Oct 02, 2018,0
💊  xVersace,Oct 02, 2018,0
🚬  БитоеШиш,Oct 02, 2018,0
🚑  СКЖелтыйКрис,Oct 02, 2018,0
🚑  АльфачБелый,Oct 02, 2018,0
🚬  Сканк24Т,Oct 02, 2018,0
🚑  СККрасныйКрис,Oct 02, 2018,0
🚬  БитыеШишПлан,Oct 02, 2018,0
⛄  Анфер,Oct 03, 2018,0
🍀  Шишке,Oct 03, 2018,0
🚬  Специи,Oct 03, 2018,0
🚑  Альфач,Oct 03, 2018,0
🚑  ЗеленыйЭльф,Oct 03, 2018,0
🚑  СинийЭльф,Oct 03, 2018,0
🚑  Метс-рац,Oct 03, 2018,0
💊  Кола,Oct 03, 2018,0
💊  Ferrari,Oct 03, 2018,0
⛄  АнфРозовый,Oct 03, 2018,0
🚬  ШишБигДевил,Oct 03, 2018,0
🚑  СКСиниеКрис,Oct 03, 2018,0
🚑  АльфачЖелтый,Oct 03, 2018,0
🚑  АльфачФиолетовый,Oct 03, 2018,0
💊  xVersace,Oct 03, 2018,0
🚬  БитоеШиш,Oct 03, 2018,0
🚑  СКЖелтыйКрис,Oct 03, 2018,0
🚑  АльфачБелый,Oct 03, 2018,0
🚬  Сканк24Т,Oct 03, 2018,0
🚑  СККрасныйКрис,Oct 03, 2018,0
🚬  БитыеШишПлан,Oct 03, 2018,0
⛄  Анфер,Oct 04, 2018,0
🍀  Шишке,Oct 04, 2018,0
🚬  Специи,Oct 04, 2018,0
🚑  Альфач,Oct 04, 2018,0
🚑  ЗеленыйЭльф,Oct 04, 2018,0
🚑  СинийЭльф,Oct 04, 2018,0
🚑  Метс-рац,Oct 04, 2018,0
💊  Кола,Oct 04, 2018,0
💊  Ferrari,Oct 04, 2018,0
⛄  АнфРозовый,Oct 04, 2018,0
🚬  ШишБигДевил,Oct 04, 2018,0
🚑  СКСиниеКрис,Oct 04, 2018,0
🚑  АльфачЖелтый,Oct 04, 2018,0
🚑  АльфачФиолетовый,Oct 04, 2018,0
💊  xVersace,Oct 04, 2018,0
🚬  БитоеШиш,Oct 04, 2018,0
🚑  СКЖелтыйКрис,Oct 04, 2018,0
🚑  АльфачБелый,Oct 04, 2018,0
🚬  Сканк24Т,Oct 04, 2018,0
🚑  СККрасныйКрис,Oct 04, 2018,0
🚬  БитыеШишПлан,Oct 04, 2018,0
⛄  Анфер,Oct 05, 2018,0
🍀  Шишке,Oct 05, 2018,0
🚬  Специи,Oct 05, 2018,0
🚑  Альфач,Oct 05, 2018,0
🚑  ЗеленыйЭльф,Oct 05, 2018,0
🚑  СинийЭльф,Oct 05, 2018,0
🚑  Метс-рац,Oct 05, 2018,0
💊  Кола,Oct 05, 2018,0
💊  Ferrari,Oct 05, 2018,0
⛄  АнфРозовый,Oct 05, 2018,0
🚬  ШишБигДевил,Oct 05, 2018,0
🚑  СКСиниеКрис,Oct 05, 2018,0
🚑  АльфачЖелтый,Oct 05, 2018,0
🚑  АльфачФиолетовый,Oct 05, 2018,0
💊  xVersace,Oct 05, 2018,0
🚬  БитоеШиш,Oct 05, 2018,0
🚑  СКЖелтыйКрис,Oct 05, 2018,0
🚑  АльфачБелый,Oct 05, 2018,0
🚬  Сканк24Т,Oct 05, 2018,0
🚑  СККрасныйКрис,Oct 05, 2018,0
🚬  БитыеШишПлан,Oct 05, 2018,0
⛄  Анфер,Oct 06, 2018,0
🍀  Шишке,Oct 06, 2018,0
🚬  Специи,Oct 06, 2018,0
🚑  Альфач,Oct 06, 2018,0
🚑  ЗеленыйЭльф,Oct 06, 2018,0
🚑  СинийЭльф,Oct 06, 2018,0
🚑  Метс-рац,Oct 06, 2018,0
💊  Кола,Oct 06, 2018,0
💊  Ferrari,Oct 06, 2018,0
⛄  АнфРозовый,Oct 06, 2018,0
🚬  ШишБигДевил,Oct 06, 2018,0
🚑  СКСиниеКрис,Oct 06, 2018,0
🚑  АльфачЖелтый,Oct 06, 2018,0
🚑  АльфачФиолетовый,Oct 06, 2018,0
💊  xVersace,Oct 06, 2018,0
🚬  БитоеШиш,Oct 06, 2018,0
🚑  СКЖелтыйКрис,Oct 06, 2018,0
🚑  АльфачБелый,Oct 06, 2018,0
🚬  Сканк24Т,Oct 06, 2018,0
🚑  СККрасныйКрис,Oct 06, 2018,0
🚬  БитыеШишПлан,Oct 06, 2018,0
⛄  Анфер,Oct 07, 2018,0
🍀  Шишке,Oct 07, 2018,0
🚬  Специи,Oct 07, 2018,0
🚑  Альфач,Oct 07, 2018,0
🚑  ЗеленыйЭльф,Oct 07, 2018,0
🚑  СинийЭльф,Oct 07, 2018,0
🚑  Метс-рац,Oct 07, 2018,0
💊  Кола,Oct 07, 2018,0
💊  Ferrari,Oct 07, 2018,0
⛄  АнфРозовый,Oct 07, 2018,0
🚬  ШишБигДевил,Oct 07, 2018,0
🚑  СКСиниеКрис,Oct 07, 2018,0
🚑  АльфачЖелтый,Oct 07, 2018,0
🚑  АльфачФиолетовый,Oct 07, 2018,0
💊  xVersace,Oct 07, 2018,0
🚬  БитоеШиш,Oct 07, 2018,0
🚑  СКЖелтыйКрис,Oct 07, 2018,0
🚑  АльфачБелый,Oct 07, 2018,0
🚬  Сканк24Т,Oct 07, 2018,0
🚑  СККрасныйКрис,Oct 07, 2018,0
🚬  БитыеШишПлан,Oct 07, 2018,0
⛄  Анфер,Oct 08, 2018,0
🍀  Шишке,Oct 08, 2018,0
🚬  Специи,Oct 08, 2018,0
🚑  Альфач,Oct 08, 2018,0
🚑  ЗеленыйЭльф,Oct 08, 2018,0
🚑  СинийЭльф,Oct 08, 2018,0
🚑  Метс-рац,Oct 08, 2018,0
💊  Кола,Oct 08, 2018,0
💊  Ferrari,Oct 08, 2018,0
⛄  АнфРозовый,Oct 08, 2018,0
🚬  ШишБигДевил,Oct 08, 2018,0
🚑  СКСиниеКрис,Oct 08, 2018,0
🚑  АльфачЖелтый,Oct 08, 2018,0
🚑  АльфачФиолетовый,Oct 08, 2018,0
💊  xVersace,Oct 08, 2018,0
🚬  БитоеШиш,Oct 08, 2018,0
🚑  СКЖелтыйКрис,Oct 08, 2018,0
🚑  АльфачБелый,Oct 08, 2018,0
🚬  Сканк24Т,Oct 08, 2018,0
🚑  СККрасныйКрис,Oct 08, 2018,0
🚬  БитыеШишПлан,Oct 08, 2018,0
⛄  Анфер,Oct 09, 2018,0
🍀  Шишке,Oct 09, 2018,0
🚬  Специи,Oct 09, 2018,0
🚑  Альфач,Oct 09, 2018,0
🚑  ЗеленыйЭльф,Oct 09, 2018,0
🚑  СинийЭльф,Oct 09, 2018,0
🚑  Метс-рац,Oct 09, 2018,0
💊  Кола,Oct 09, 2018,0
💊  Ferrari,Oct 09, 2018,0
⛄  АнфРозовый,Oct 09, 2018,0
🚬  ШишБигДевил,Oct 09, 2018,0
🚑  СКСиниеКрис,Oct 09, 2018,0
🚑  АльфачЖелтый,Oct 09, 2018,0
🚑  АльфачФиолетовый,Oct 09, 2018,0
💊  xVersace,Oct 09, 2018,0
🚬  БитоеШиш,Oct 09, 2018,0
🚑  СКЖелтыйКрис,Oct 09, 2018,0
🚑  АльфачБелый,Oct 09, 2018,0
🚬  Сканк24Т,Oct 09, 2018,0
🚑  СККрасныйКрис,Oct 09, 2018,0
🚬  БитыеШишПлан,Oct 09, 2018,0
⛄  Анфер,Oct 10, 2018,0
🍀  Шишке,Oct 10, 2018,0
🚬  Специи,Oct 10, 2018,0
🚑  Альфач,Oct 10, 2018,0
🚑  ЗеленыйЭльф,Oct 10, 2018,0
🚑  СинийЭльф,Oct 10, 2018,0
🚑  Метс-рац,Oct 10, 2018,0
💊  Кола,Oct 10, 2018,0
💊  Ferrari,Oct 10, 2018,0
⛄  АнфРозовый,Oct 10, 2018,0
🚬  ШишБигДевил,Oct 10, 2018,0
🚑  СКСиниеКрис,Oct 10, 2018,0
🚑  АльфачЖелтый,Oct 10, 2018,0
🚑  АльфачФиолетовый,Oct 10, 2018,0
💊  xVersace,Oct 10, 2018,0
🚬  БитоеШиш,Oct 10, 2018,0
🚑  СКЖелтыйКрис,Oct 10, 2018,0
🚑  АльфачБелый,Oct 10, 2018,0
🚬  Сканк24Т,Oct 10, 2018,0
🚑  СККрасныйКрис,Oct 10, 2018,0
🚬  БитыеШишПлан,Oct 10, 2018,0
⛄  Анфер,Oct 11, 2018,0
🍀  Шишке,Oct 11, 2018,0
🚬  Специи,Oct 11, 2018,0
🚑  Альфач,Oct 11, 2018,0
🚑  ЗеленыйЭльф,Oct 11, 2018,0
🚑  СинийЭльф,Oct 11, 2018,0
🚑  Метс-рац,Oct 11, 2018,0
💊  Кола,Oct 11, 2018,0
💊  Ferrari,Oct 11, 2018,0
⛄  АнфРозовый,Oct 11, 2018,0
🚬  ШишБигДевил,Oct 11, 2018,0
🚑  СКСиниеКрис,Oct 11, 2018,0
🚑  АльфачЖелтый,Oct 11, 2018,0
🚑  АльфачФиолетовый,Oct 11, 2018,0
💊  xVersace,Oct 11, 2018,0
🚬  БитоеШиш,Oct 11, 2018,0
🚑  СКЖелтыйКрис,Oct 11, 2018,0
🚑  АльфачБелый,Oct 11, 2018,0
🚬  Сканк24Т,Oct 11, 2018,0
🚑  СККрасныйКрис,Oct 11, 2018,0
🚬  БитыеШишПлан,Oct 11, 2018,0
⛄  Анфер,Oct 12, 2018,0
🍀  Шишке,Oct 12, 2018,0
🚬  Специи,Oct 12, 2018,0
🚑  Альфач,Oct 12, 2018,0
🚑  ЗеленыйЭльф,Oct 12, 2018,0
🚑  СинийЭльф,Oct 12, 2018,0
🚑  Метс-рац,Oct 12, 2018,0
💊  Кола,Oct 12, 2018,0
💊  Ferrari,Oct 12, 2018,0
⛄  АнфРозовый,Oct 12, 2018,0
🚬  ШишБигДевил,Oct 12, 2018,0
🚑  СКСиниеКрис,Oct 12, 2018,0
🚑  АльфачЖелтый,Oct 12, 2018,0
🚑  АльфачФиолетовый,Oct 12, 2018,0
💊  xVersace,Oct 12, 2018,0
🚬  БитоеШиш,Oct 12, 2018,0
🚑  СКЖелтыйКрис,Oct 12, 2018,0
🚑  АльфачБелый,Oct 12, 2018,0
🚬  Сканк24Т,Oct 12, 2018,0
🚑  СККрасныйКрис,Oct 12, 2018,0
🚬  БитыеШишПлан,Oct 12, 2018,0
⛄  Анфер,Oct 13, 2018,0
🍀  Шишке,Oct 13, 2018,0
🚬  Специи,Oct 13, 2018,0
🚑  Альфач,Oct 13, 2018,0
🚑  ЗеленыйЭльф,Oct 13, 2018,0
🚑  СинийЭльф,Oct 13, 2018,0
🚑  Метс-рац,Oct 13, 2018,0
💊  Кола,Oct 13, 2018,0
💊  Ferrari,Oct 13, 2018,0
⛄  АнфРозовый,Oct 13, 2018,0
🚬  ШишБигДевил,Oct 13, 2018,0
🚑  СКСиниеКрис,Oct 13, 2018,0
🚑  АльфачЖелтый,Oct 13, 2018,0
🚑  АльфачФиолетовый,Oct 13, 2018,0
💊  xVersace,Oct 13, 2018,0
🚬  БитоеШиш,Oct 13, 2018,0
🚑  СКЖелтыйКрис,Oct 13, 2018,0
🚑  АльфачБелый,Oct 13, 2018,0
🚬  Сканк24Т,Oct 13, 2018,0
🚑  СККрасныйКрис,Oct 13, 2018,0
🚬  БитыеШишПлан,Oct 13, 2018,0
⛄  Анфер,Oct 14, 2018,0
🍀  Шишке,Oct 14, 2018,0
🚬  Специи,Oct 14, 2018,0
🚑  Альфач,Oct 14, 2018,0
🚑  ЗеленыйЭльф,Oct 14, 2018,0
🚑  СинийЭльф,Oct 14, 2018,0
🚑  Метс-рац,Oct 14, 2018,0
💊  Кола,Oct 14, 2018,0
💊  Ferrari,Oct 14, 2018,0
⛄  АнфРозовый,Oct 14, 2018,0
🚬  ШишБигДевил,Oct 14, 2018,0
🚑  СКСиниеКрис,Oct 14, 2018,0
🚑  АльфачЖелтый,Oct 14, 2018,0
🚑  АльфачФиолетовый,Oct 14, 2018,0
💊  xVersace,Oct 14, 2018,0
🚬  БитоеШиш,Oct 14, 2018,0
🚑  СКЖелтыйКрис,Oct 14, 2018,0
🚑  АльфачБелый,Oct 14, 2018,0
🚬  Сканк24Т,Oct 14, 2018,0
🚑  СККрасныйКрис,Oct 14, 2018,0
🚬  БитыеШишПлан,Oct 14, 2018,0
⛄  Анфер,Oct 15, 2018,0
🍀  Шишке,Oct 15, 2018,0
🚬  Специи,Oct 15, 2018,0
🚑  Альфач,Oct 15, 2018,0
🚑  ЗеленыйЭльф,Oct 15, 2018,0
🚑  СинийЭльф,Oct 15, 2018,0
🚑  Метс-рац,Oct 15, 2018,0
💊  Кола,Oct 15, 2018,0
💊  Ferrari,Oct 15, 2018,0
⛄  АнфРозовый,Oct 15, 2018,0
🚬  ШишБигДевил,Oct 15, 2018,0
🚑  СКСиниеКрис,Oct 15, 2018,0
🚑  АльфачЖелтый,Oct 15, 2018,0
🚑  АльфачФиолетовый,Oct 15, 2018,0
💊  xVersace,Oct 15, 2018,0
🚬  БитоеШиш,Oct 15, 2018,0
🚑  СКЖелтыйКрис,Oct 15, 2018,0
🚑  АльфачБелый,Oct 15, 2018,0
🚬  Сканк24Т,Oct 15, 2018,0
🚑  СККрасныйКрис,Oct 15, 2018,0
🚬  БитыеШишПлан,Oct 15, 2018,0
⛄  Анфер,Oct 16, 2018,0
🍀  Шишке,Oct 16, 2018,0
🚬  Специи,Oct 16, 2018,0
🚑  Альфач,Oct 16, 2018,0
🚑  ЗеленыйЭльф,Oct 16, 2018,0
🚑  СинийЭльф,Oct 16, 2018,0
🚑  Метс-рац,Oct 16, 2018,0
💊  Кола,Oct 16, 2018,0
💊  Ferrari,Oct 16, 2018,0
⛄  АнфРозовый,Oct 16, 2018,0
🚬  ШишБигДевил,Oct 16, 2018,0
🚑  СКСиниеКрис,Oct 16, 2018,0
🚑  АльфачЖелтый,Oct 16, 2018,0
🚑  АльфачФиолетовый,Oct 16, 2018,0
💊  xVersace,Oct 16, 2018,0
🚬  БитоеШиш,Oct 16, 2018,0
🚑  СКЖелтыйКрис,Oct 16, 2018,0
🚑  АльфачБелый,Oct 16, 2018,0
🚬  Сканк24Т,Oct 16, 2018,0
🚑  СККрасныйКрис,Oct 16, 2018,0
🚬  БитыеШишПлан,Oct 16, 2018,0
⛄  Анфер,Oct 17, 2018,0
🍀  Шишке,Oct 17, 2018,0
🚬  Специи,Oct 17, 2018,0
🚑  Альфач,Oct 17, 2018,0
🚑  ЗеленыйЭльф,Oct 17, 2018,0
🚑  СинийЭльф,Oct 17, 2018,0
🚑  Метс-рац,Oct 17, 2018,0
💊  Кола,Oct 17, 2018,0
💊  Ferrari,Oct 17, 2018,0
⛄  АнфРозовый,Oct 17, 2018,0
🚬  ШишБигДевил,Oct 17, 2018,0
🚑  СКСиниеКрис,Oct 17, 2018,0
🚑  АльфачЖелтый,Oct 17, 2018,0
🚑  АльфачФиолетовый,Oct 17, 2018,0
💊  xVersace,Oct 17, 2018,0
🚬  БитоеШиш,Oct 17, 2018,0
🚑  СКЖелтыйКрис,Oct 17, 2018,0
🚑  АльфачБелый,Oct 17, 2018,0
🚬  Сканк24Т,Oct 17, 2018,0
🚑  СККрасныйКрис,Oct 17, 2018,0
🚬  БитыеШишПлан,Oct 17, 2018,0
⛄  Анфер,Oct 18, 2018,0
🍀  Шишке,Oct 18, 2018,0
🚬  Специи,Oct 18, 2018,0
🚑  Альфач,Oct 18, 2018,0
🚑  ЗеленыйЭльф,Oct 18, 2018,0
🚑  СинийЭльф,Oct 18, 2018,0
🚑  Метс-рац,Oct 18, 2018,0
💊  Кола,Oct 18, 2018,0
💊  Ferrari,Oct 18, 2018,0
⛄  АнфРозовый,Oct 18, 2018,0
🚬  ШишБигДевил,Oct 18, 2018,0
🚑  СКСиниеКрис,Oct 18, 2018,0
🚑  АльфачЖелтый,Oct 18, 2018,0
🚑  АльфачФиолетовый,Oct 18, 2018,0
💊  xVersace,Oct 18, 2018,0
🚬  БитоеШиш,Oct 18, 2018,0
🚑  СКЖелтыйКрис,Oct 18, 2018,0
🚑  АльфачБелый,Oct 18, 2018,0
🚬  Сканк24Т,Oct 18, 2018,0
🚑  СККрасныйКрис,Oct 18, 2018,0
🚬  БитыеШишПлан,Oct 18, 2018,0
⛄  Анфер,Oct 19, 2018,0
🍀  Шишке,Oct 19, 2018,0
🚬  Специи,Oct 19, 2018,0
🚑  Альфач,Oct 19, 2018,0
🚑  ЗеленыйЭльф,Oct 19, 2018,0
🚑  СинийЭльф,Oct 19, 2018,0
🚑  Метс-рац,Oct 19, 2018,0
💊  Кола,Oct 19, 2018,0
💊  Ferrari,Oct 19, 2018,0
⛄  АнфРозовый,Oct 19, 2018,0
🚬  ШишБигДевил,Oct 19, 2018,0
🚑  СКСиниеКрис,Oct 19, 2018,0
🚑  АльфачЖелтый,Oct 19, 2018,0
🚑  АльфачФиолетовый,Oct 19, 2018,0
💊  xVersace,Oct 19, 2018,0
🚬  БитоеШиш,Oct 19, 2018,0
🚑  СКЖелтыйКрис,Oct 19, 2018,0
🚑  АльфачБелый,Oct 19, 2018,0
🚬  Сканк24Т,Oct 19, 2018,0
🚑  СККрасныйКрис,Oct 19, 2018,0
🚬  БитыеШишПлан,Oct 19, 2018,0
⛄  Анфер,Oct 20, 2018,0
🍀  Шишке,Oct 20, 2018,0
🚬  Специи,Oct 20, 2018,0
🚑  Альфач,Oct 20, 2018,0
🚑  ЗеленыйЭльф,Oct 20, 2018,0
🚑  СинийЭльф,Oct 20, 2018,0
🚑  Метс-рац,Oct 20, 2018,0
💊  Кола,Oct 20, 2018,0
💊  Ferrari,Oct 20, 2018,0
⛄  АнфРозовый,Oct 20, 2018,0
🚬  ШишБигДевил,Oct 20, 2018,0
🚑  СКСиниеКрис,Oct 20, 2018,0
🚑  АльфачЖелтый,Oct 20, 2018,0
🚑  АльфачФиолетовый,Oct 20, 2018,0
💊  xVersace,Oct 20, 2018,0
🚬  БитоеШиш,Oct 20, 2018,0
🚑  СКЖелтыйКрис,Oct 20, 2018,0
🚑  АльфачБелый,Oct 20, 2018,0
🚬  Сканк24Т,Oct 20, 2018,0
🚑  СККрасныйКрис,Oct 20, 2018,0
🚬  БитыеШишПлан,Oct 20, 2018,0
⛄  Анфер,Oct 21, 2018,0
🍀  Шишке,Oct 21, 2018,0
🚬  Специи,Oct 21, 2018,0
🚑  Альфач,Oct 21, 2018,0
🚑  ЗеленыйЭльф,Oct 21, 2018,0
🚑  СинийЭльф,Oct 21, 2018,0
🚑  Метс-рац,Oct 21, 2018,0
💊  Кола,Oct 21, 2018,0
💊  Ferrari,Oct 21, 2018,0
⛄  АнфРозовый,Oct 21, 2018,0
🚬  ШишБигДевил,Oct 21, 2018,0
🚑  СКСиниеКрис,Oct 21, 2018,0
🚑  АльфачЖелтый,Oct 21, 2018,0
🚑  АльфачФиолетовый,Oct 21, 2018,0
💊  xVersace,Oct 21, 2018,0
🚬  БитоеШиш,Oct 21, 2018,0
🚑  СКЖелтыйКрис,Oct 21, 2018,0
🚑  АльфачБелый,Oct 21, 2018,0
🚬  Сканк24Т,Oct 21, 2018,0
🚑  СККрасныйКрис,Oct 21, 2018,0
🚬  БитыеШишПлан,Oct 21, 2018,0
⛄  Анфер,Oct 22, 2018,0
🍀  Шишке,Oct 22, 2018,0
🚬  Специи,Oct 22, 2018,0
🚑  Альфач,Oct 22, 2018,0
🚑  ЗеленыйЭльф,Oct 22, 2018,0
🚑  СинийЭльф,Oct 22, 2018,0
🚑  Метс-рац,Oct 22, 2018,0
💊  Кола,Oct 22, 2018,0
💊  Ferrari,Oct 22, 2018,0
⛄  АнфРозовый,Oct 22, 2018,0
🚬  ШишБигДевил,Oct 22, 2018,0
🚑  СКСиниеКрис,Oct 22, 2018,0
🚑  АльфачЖелтый,Oct 22, 2018,0
🚑  АльфачФиолетовый,Oct 22, 2018,0
💊  xVersace,Oct 22, 2018,0
🚬  БитоеШиш,Oct 22, 2018,0
🚑  СКЖелтыйКрис,Oct 22, 2018,0
🚑  АльфачБелый,Oct 22, 2018,0
🚬  Сканк24Т,Oct 22, 2018,0
🚑  СККрасныйКрис,Oct 22, 2018,0
🚬  БитыеШишПлан,Oct 22, 2018,0
⛄  Анфер,Oct 23, 2018,0
🍀  Шишке,Oct 23, 2018,0
🚬  Специи,Oct 23, 2018,0
🚑  Альфач,Oct 23, 2018,0
🚑  ЗеленыйЭльф,Oct 23, 2018,0
🚑  СинийЭльф,Oct 23, 2018,0
🚑  Метс-рац,Oct 23, 2018,0
💊  Кола,Oct 23, 2018,0
💊  Ferrari,Oct 23, 2018,0
⛄  АнфРозовый,Oct 23, 2018,0
🚬  ШишБигДевил,Oct 23, 2018,0
🚑  СКСиниеКрис,Oct 23, 2018,0
🚑  АльфачЖелтый,Oct 23, 2018,0
🚑  АльфачФиолетовый,Oct 23, 2018,0
💊  xVersace,Oct 23, 2018,0
🚬  БитоеШиш,Oct 23, 2018,0
🚑  СКЖелтыйКрис,Oct 23, 2018,0
🚑  АльфачБелый,Oct 23, 2018,0
🚬  Сканк24Т,Oct 23, 2018,0
🚑  СККрасныйКрис,Oct 23, 2018,0
🚬  БитыеШишПлан,Oct 23, 2018,0
⛄  Анфер,Oct 24, 2018,0
🍀  Шишке,Oct 24, 2018,0
🚬  Специи,Oct 24, 2018,0
🚑  Альфач,Oct 24, 2018,0
🚑  ЗеленыйЭльф,Oct 24, 2018,0
🚑  СинийЭльф,Oct 24, 2018,0
🚑  Метс-рац,Oct 24, 2018,0
💊  Кола,Oct 24, 2018,0
💊  Ferrari,Oct 24, 2018,0
⛄  АнфРозовый,Oct 24, 2018,0
🚬  ШишБигДевил,Oct 24, 2018,0
🚑  СКСиниеКрис,Oct 24, 2018,0
🚑  АльфачЖелтый,Oct 24, 2018,0
🚑  АльфачФиолетовый,Oct 24, 2018,0
💊  xVersace,Oct 24, 2018,0
🚬  БитоеШиш,Oct 24, 2018,0
🚑  СКЖелтыйКрис,Oct 24, 2018,0
🚑  АльфачБелый,Oct 24, 2018,0
🚬  Сканк24Т,Oct 24, 2018,0
🚑  СККрасныйКрис,Oct 24, 2018,0
🚬  БитыеШишПлан,Oct 24, 2018,0
⛄  Анфер,Oct 25, 2018,0
🍀  Шишке,Oct 25, 2018,0
🚬  Специи,Oct 25, 2018,0
🚑  Альфач,Oct 25, 2018,0
🚑  ЗеленыйЭльф,Oct 25, 2018,0
🚑  СинийЭльф,Oct 25, 2018,0
🚑  Метс-рац,Oct 25, 2018,0
💊  Кола,Oct 25, 2018,0
💊  Ferrari,Oct 25, 2018,0
⛄  АнфРозовый,Oct 25, 2018,0
🚬  ШишБигДевил,Oct 25, 2018,0
🚑  СКСиниеКрис,Oct 25, 2018,0
🚑  АльфачЖелтый,Oct 25, 2018,0
🚑  АльфачФиолетовый,Oct 25, 2018,0
💊  xVersace,Oct 25, 2018,0
🚬  БитоеШиш,Oct 25, 2018,0
🚑  СКЖелтыйКрис,Oct 25, 2018,0
🚑  АльфачБелый,Oct 25, 2018,0
🚬  Сканк24Т,Oct 25, 2018,0
🚑  СККрасныйКрис,Oct 25, 2018,0
🚬  БитыеШишПлан,Oct 25, 2018,0
⛄  Анфер,Oct 26, 2018,0
🍀  Шишке,Oct 26, 2018,0
🚬  Специи,Oct 26, 2018,0
🚑  Альфач,Oct 26, 2018,0
🚑  ЗеленыйЭльф,Oct 26, 2018,0
🚑  СинийЭльф,Oct 26, 2018,0
🚑  Метс-рац,Oct 26, 2018,0
💊  Кола,Oct 26, 2018,0
💊  Ferrari,Oct 26, 2018,0
⛄  АнфРозовый,Oct 26, 2018,0
🚬  ШишБигДевил,Oct 26, 2018,0
🚑  СКСиниеКрис,Oct 26, 2018,0
🚑  АльфачЖелтый,Oct 26, 2018,0
🚑  АльфачФиолетовый,Oct 26, 2018,0
💊  xVersace,Oct 26, 2018,0
🚬  БитоеШиш,Oct 26, 2018,0
🚑  СКЖелтыйКрис,Oct 26, 2018,0
🚑  АльфачБелый,Oct 26, 2018,0
🚬  Сканк24Т,Oct 26, 2018,0
🚑  СККрасныйКрис,Oct 26, 2018,0
🚬  БитыеШишПлан,Oct 26, 2018,0
⛄  Анфер,Oct 27, 2018,0
🍀  Шишке,Oct 27, 2018,0
🚬  Специи,Oct 27, 2018,0
🚑  Альфач,Oct 27, 2018,0
🚑  ЗеленыйЭльф,Oct 27, 2018,0
🚑  СинийЭльф,Oct 27, 2018,0
🚑  Метс-рац,Oct 27, 2018,0
💊  Кола,Oct 27, 2018,0
💊  Ferrari,Oct 27, 2018,0
⛄  АнфРозовый,Oct 27, 2018,0
🚬  ШишБигДевил,Oct 27, 2018,0
🚑  СКСиниеКрис,Oct 27, 2018,0
🚑  АльфачЖелтый,Oct 27, 2018,0
🚑  АльфачФиолетовый,Oct 27, 2018,0
💊  xVersace,Oct 27, 2018,0
🚬  БитоеШиш,Oct 27, 2018,0
🚑  СКЖелтыйКрис,Oct 27, 2018,0
🚑  АльфачБелый,Oct 27, 2018,0
🚬  Сканк24Т,Oct 27, 2018,0
🚑  СККрасныйКрис,Oct 27, 2018,0
🚬  БитыеШишПлан,Oct 27, 2018,0
⛄  Анфер,Oct 28, 2018,0
🍀  Шишке,Oct 28, 2018,0
🚬  Специи,Oct 28, 2018,0
🚑  Альфач,Oct 28, 2018,0
🚑  ЗеленыйЭльф,Oct 28, 2018,0
🚑  СинийЭльф,Oct 28, 2018,0
🚑  Метс-рац,Oct 28, 2018,0
💊  Кола,Oct 28, 2018,0
💊  Ferrari,Oct 28, 2018,0
⛄  АнфРозовый,Oct 28, 2018,0
🚬  ШишБигДевил,Oct 28, 2018,0
🚑  СКСиниеКрис,Oct 28, 2018,0
🚑  АльфачЖелтый,Oct 28, 2018,0
🚑  АльфачФиолетовый,Oct 28, 2018,0
💊  xVersace,Oct 28, 2018,0
🚬  БитоеШиш,Oct 28, 2018,0
🚑  СКЖелтыйКрис,Oct 28, 2018,0
🚑  АльфачБелый,Oct 28, 2018,0
🚬  Сканк24Т,Oct 28, 2018,0
🚑  СККрасныйКрис,Oct 28, 2018,0
🚬  БитыеШишПлан,Oct 28, 2018,0
⛄  Анфер,Oct 29, 2018,0
🍀  Шишке,Oct 29, 2018,0
🚬  Специи,Oct 29, 2018,0
🚑  Альфач,Oct 29, 2018,0
🚑  ЗеленыйЭльф,Oct 29, 2018,0
🚑  СинийЭльф,Oct 29, 2018,0
🚑  Метс-рац,Oct 29, 2018,0
💊  Кола,Oct 29, 2018,0
💊  Ferrari,Oct 29, 2018,0
⛄  АнфРозовый,Oct 29, 2018,0
🚬  ШишБигДевил,Oct 29, 2018,0
🚑  СКСиниеКрис,Oct 29, 2018,0
🚑  АльфачЖелтый,Oct 29, 2018,0
🚑  АльфачФиолетовый,Oct 29, 2018,0
💊  xVersace,Oct 29, 2018,0
🚬  БитоеШиш,Oct 29, 2018,0
🚑  СКЖелтыйКрис,Oct 29, 2018,0
🚑  АльфачБелый,Oct 29, 2018,0
🚬  Сканк24Т,Oct 29, 2018,0
🚑  СККрасныйКрис,Oct 29, 2018,0
🚬  БитыеШишПлан,Oct 29, 2018,0
⛄  Анфер,Oct 30, 2018,0
🍀  Шишке,Oct 30, 2018,0
🚬  Специи,Oct 30, 2018,0
🚑  Альфач,Oct 30, 2018,0
🚑  ЗеленыйЭльф,Oct 30, 2018,0
🚑  СинийЭльф,Oct 30, 2018,0
🚑  Метс-рац,Oct 30, 2018,0
💊  Кола,Oct 30, 2018,0
💊  Ferrari,Oct 30, 2018,0
⛄  АнфРозовый,Oct 30, 2018,0
🚬  ШишБигДевил,Oct 30, 2018,0
🚑  СКСиниеКрис,Oct 30, 2018,0
🚑  АльфачЖелтый,Oct 30, 2018,0
🚑  АльфачФиолетовый,Oct 30, 2018,0
💊  xVersace,Oct 30, 2018,0
🚬  БитоеШиш,Oct 30, 2018,0
🚑  СКЖелтыйКрис,Oct 30, 2018,0
🚑  АльфачБелый,Oct 30, 2018,0
🚬  Сканк24Т,Oct 30, 2018,0
🚑  СККрасныйКрис,Oct 30, 2018,0
🚬  БитыеШишПлан,Oct 30, 2018,0
⛄  Анфер,Oct 31, 2018,0
🍀  Шишке,Oct 31, 2018,0
🚬  Специи,Oct 31, 2018,0
🚑  Альфач,Oct 31, 2018,0
🚑  ЗеленыйЭльф,Oct 31, 2018,0
🚑  СинийЭльф,Oct 31, 2018,0
🚑  Метс-рац,Oct 31, 2018,0
💊  Кола,Oct 31, 2018,0
💊  Ferrari,Oct 31, 2018,0
⛄  АнфРозовый,Oct 31, 2018,0
🚬  ШишБигДевил,Oct 31, 2018,0
🚑  СКСиниеКрис,Oct 31, 2018,0
🚑  АльфачЖелтый,Oct 31, 2018,0
🚑  АльфачФиолетовый,Oct 31, 2018,0
💊  xVersace,Oct 31, 2018,0
🚬  БитоеШиш,Oct 31, 2018,0
🚑  СКЖелтыйКрис,Oct 31, 2018,0
🚑  АльфачБелый,Oct 31, 2018,0
🚬  Сканк24Т,Oct 31, 2018,0
🚑  СККрасныйКрис,Oct 31, 2018,0
🚬  БитыеШишПлан,Oct 31, 2018,0
